<powerpagecomponent powerpagecomponentid="7dea438c-2452-45c9-8ba9-913a952c4edd">
  <content>{"createdOn":"2024-04-24T10:17:19.751Z","parentpageid":"0ea6e386-2002-ef11-9f89-0022483799ee","publishingstateid":"dea5e386-2002-ef11-9f89-0022483799ee","partialurl":"91vnIUlzEeL.ACUF10001000QL80-removebg-preview.png","title":"","summary":"","enabletracking":false,"excludefromsearch":false,"hiddenfromsitemap":false}</content>
  <filecontent mimetype="image/png">91vnIUlzEeL._AC_UF1000_1000_QL80_-removebg-preview.png</filecontent>
  <iscustomizable>1</iscustomizable>
  <name>91vnIUlzEeL._AC_UF1000_1000_QL80_-removebg-preview.png</name>
  <powerpagecomponenttype>3</powerpagecomponenttype>
  <powerpagesiteid>
    <powerpagesiteid>f7a6e386-2002-ef11-9f89-0022483799ee</powerpagesiteid>
  </powerpagesiteid>
  <statecode>0</statecode>
  <statuscode>1</statuscode>
</powerpagecomponent>