<powerpagecomponent powerpagecomponentid="a6d51d9f-3022-4d48-84bf-b6333f8a126f">
  <content>{
  "displayorder": 19,
  "weblinksetid": "01a6e386-2002-ef11-9f89-0022483799ee",
  "pageid": "2ba06318-85da-8c3f-b0ea-f407aebf6736",
  "publishingstateid": "dea5e386-2002-ef11-9f89-0022483799ee",
  "displaypagevalidation": false,
  "displayimageonly": false,
  "displaypagechildlinks": false,
  "openinnewwindow": false,
  "robotsfollowlink": true
}</content>
  <iscustomizable>1</iscustomizable>
  <name>Cycling</name>
  <powerpagecomponenttype>5</powerpagecomponenttype>
  <powerpagesiteid>
    <powerpagesiteid>f7a6e386-2002-ef11-9f89-0022483799ee</powerpagesiteid>
  </powerpagesiteid>
  <statecode>0</statecode>
  <statuscode>1</statuscode>
</powerpagecomponent>