<powerpagecomponent powerpagecomponentid="d62061d4-d1c4-906b-7340-ca5deaf3d7f4">
  <content>{
  "filecontent": null,
  "displayorder": 17,
  "customcss": "",
  "customjavascript": "",
  "pagetemplateid": "b5a6e386-2002-ef11-9f89-0022483799ee",
  "parentpageid": "0ea6e386-2002-ef11-9f89-0022483799ee",
  "partialurl": "Yoga",
  "isroot": false,
  "rootwebpageid": "f35aa23b-eed6-2938-9e4a-1c94a9741439",
  "title": "Musculação (1)",
  "summary": "&lt;p&gt;This is a sample landing page designed to be a starting point for your website&lt;/p&gt;",
  "copy": "&lt;div id=\"ihgsh\" data-component-theme=\"portalThemeColor1\" class=\"row sectionBlockLayout text-start\" style=\"display: flex; flex-wrap: wrap; margin: 0px; min-height: auto; padding: 8px; background-image: linear-gradient(0deg, rgba(200, 198, 196, 0.48), rgba(200, 198, 196, 0.48));\"&gt;\n  &lt;div id=\"ic1wj\" class=\"container\" style=\"display: flex; flex-wrap: wrap;\"&gt;\n    &lt;div id=\"ifk0m\" class=\"col-lg-12 columnBlockLayout\" style=\"flex-grow: 1; display: flex; flex-direction: column; min-width: 250px; word-break: break-word; padding: 16px; margin: 60px 0px;\"&gt;\n      &lt;h1 id=\"ioi35i\" style=\"text-align: center; color: var(--portalThemeColor4);\"&gt;\n        ​&lt;u id=\"it52mz\"&gt;&lt;b id=\"i9785u\" aria-label=\"Text Musculação Press enter to edit\" style=\"position: relative;\"&gt;Yoga&lt;/b&gt;&lt;/u&gt;\n      &lt;/h1&gt;\n    &lt;/div&gt;\n  &lt;/div&gt;\n&lt;/div&gt;\n&lt;div id=\"ijgnhp\" data-component-theme=\"portalThemeColor1\" class=\"row sectionBlockLayout text-start\" style=\"display: flex; flex-wrap: wrap; margin: 0px; min-height: auto; padding: 8px; background-image: linear-gradient(0deg, rgba(200, 198, 196, 0.48), rgba(200, 198, 196, 0.48));\"&gt;\n  &lt;div id=\"iu0k4v\" class=\"container\" style=\"padding: 0px; display: flex; flex-wrap: wrap;\"&gt;\n    &lt;div id=\"ij4r5\" class=\"col-lg-6 columnBlockLayout\" style=\"flex-grow: 1; display: flex; flex-direction: column; min-width: 250px; word-break: break-word;\"&gt;\n      &lt;p id=\"ifw7jg\" style=\"color: var(--portalThemeColor5); text-align: justify;\"&gt;O yoga é uma prática milenar que combina posturas físicas, técnicas de respiração e meditação para promover equilíbrio, flexibilidade e tranquilidade. Com raízes na filosofia indiana, o yoga é mais do que um simples exercício; é um estilo de vida que busca harmonizar corpo, mente e espírito.&lt;br id=\"iewyg\" /&gt;É acessível a pessoas de todas as idades e níveis de condicionamento físico. As aulas podem ser adaptadas para atender às necessidades individuais, tornando-o uma opção inclusiva para quem deseja melhorar seu bem-estar.&lt;/p&gt;\n    &lt;/div&gt;\n    &lt;div id=\"imp3n\" class=\"col-lg-6 columnBlockLayout\" style=\"flex-grow: 1; display: flex; flex-direction: column; min-width: 250px; word-break: break-word;\"&gt;&lt;img src=\"/beneficios-do-yoga22472l.png\" id=\"iuxhnx\" alt=\"beneficios-do-yoga_22472_l\" name=\"beneficios-do-yoga_22472_l.png\" style=\"width: 100%; height: auto; max-width: 100%;\" /&gt;&lt;/div&gt;\n  &lt;/div&gt;\n&lt;/div&gt;\n",
  "publishingstateid": "dea5e386-2002-ef11-9f89-0022483799ee",
  "enablerating": false,
  "enabletracking": false,
  "excludefromsearch": false,
  "hiddenfromsitemap": true,
  "sharedpageconfiguration": false
}</content>
  <iscustomizable>1</iscustomizable>
  <name>Yoga</name>
  <powerpagecomponenttype>2</powerpagecomponenttype>
  <powerpagesiteid>
    <powerpagesiteid>f7a6e386-2002-ef11-9f89-0022483799ee</powerpagesiteid>
  </powerpagesiteid>
  <powerpagesitelanguageid>
    <powerpagesitelanguageid>587fe58c-2002-ef11-9f89-0022483799ee</powerpagesitelanguageid>
  </powerpagesitelanguageid>
  <searchcontent>Musculação (1)&lt;div id="ihgsh" data-component-theme="portalThemeColor1" class="row sectionBlockLayout text-start" style="display: flex; flex-wrap: wrap; margin: 0px; min-height: auto; padding: 8px; background-image: linear-gradient(0deg, rgba(200, 198, 196, 0.48), rgba(200, 198, 196, 0.48));"&gt;
  &lt;div id="ic1wj" class="container" style="display: flex; flex-wrap: wrap;"&gt;
    &lt;div id="ifk0m" class="col-lg-12 columnBlockLayout" style="flex-grow: 1; display: flex; flex-direction: column; min-width: 250px; word-break: break-word; padding: 16px; margin: 60px 0px;"&gt;
      &lt;h1 id="ioi35i" style="text-align: center; color: var(--portalThemeColor4);"&gt;
        ​&lt;u id="it52mz"&gt;&lt;b id="i9785u" aria-label="Text Musculação Press enter to edit" style="position: relative;"&gt;Yoga&lt;/b&gt;&lt;/u&gt;
      &lt;/h1&gt;
    &lt;/div&gt;
  &lt;/div&gt;
&lt;/div&gt;
&lt;div id="ijgnhp" data-component-theme="portalThemeColor1" class="row sectionBlockLayout text-start" style="display: flex; flex-wrap: wrap; margin: 0px; min-height: auto; padding: 8px; background-image: linear-gradient(0deg, rgba(200, 198, 196, 0.48), rgba(200, 198, 196, 0.48));"&gt;
  &lt;div id="iu0k4v" class="container" style="padding: 0px; display: flex; flex-wrap: wrap;"&gt;
    &lt;div id="ij4r5" class="col-lg-6 columnBlockLayout" style="flex-grow: 1; display: flex; flex-direction: column; min-width: 250px; word-break: break-word;"&gt;
      &lt;p id="ifw7jg" style="color: var(--portalThemeColor5); text-align: justify;"&gt;O yoga é uma prática milenar que combina posturas físicas, técnicas de respiração e meditação para promover equilíbrio, flexibilidade e tranquilidade. Com raízes na filosofia indiana, o yoga é mais do que um simples exercício; é um estilo de vida que busca harmonizar corpo, mente e espírito.&lt;br id="iewyg" /&gt;É acessível a pessoas de todas as idades e níveis de condicionamento físico. As aulas podem ser adaptadas para atender às necessidades individuais, tornando-o uma opção inclusiva para quem deseja melhorar seu bem-estar.&lt;/p&gt;
    &lt;/div&gt;
    &lt;div id="imp3n" class="col-lg-6 columnBlockLayout" style="flex-grow: 1; display: flex; flex-direction: column; min-width: 250px; word-break: break-word;"&gt;&lt;img src="/beneficios-do-yoga22472l.png" id="iuxhnx" alt="beneficios-do-yoga_22472_l" name="beneficios-do-yoga_22472_l.png" style="width: 100%; height: auto; max-width: 100%;" /&gt;&lt;/div&gt;
  &lt;/div&gt;
&lt;/div&gt;
Yoga</searchcontent>
  <statecode>0</statecode>
  <statuscode>1</statuscode>
</powerpagecomponent>