<powerpagecomponent powerpagecomponentid="194d6a57-8ead-4e93-3548-adf52c6688d7">
  <content>{
  "displayorder": 21,
  "weblinksetid": "01a6e386-2002-ef11-9f89-0022483799ee",
  "pageid": "c7d315ab-85e2-86b3-244e-076acf5d7002",
  "publishingstateid": "dea5e386-2002-ef11-9f89-0022483799ee",
  "displaypagevalidation": false,
  "displayimageonly": false,
  "displaypagechildlinks": false,
  "openinnewwindow": false,
  "robotsfollowlink": true
}</content>
  <iscustomizable>1</iscustomizable>
  <name>Ginásio - Matosinhos</name>
  <powerpagecomponenttype>5</powerpagecomponenttype>
  <powerpagesiteid>
    <powerpagesiteid>f7a6e386-2002-ef11-9f89-0022483799ee</powerpagesiteid>
  </powerpagesiteid>
  <statecode>0</statecode>
  <statuscode>1</statuscode>
</powerpagecomponent>