<powerpagecomponent powerpagecomponentid="1da6e386-2002-ef11-9f89-0022483799ee">
  <content>{"copy":"&lt;div class=\"row sectionBlockLayout text-start\" style=\"display: flex; flex-wrap: wrap; margin: 0px; min-height: auto; padding: 8px;\"&gt;\r\n    &lt;div class=\"container\" style=\"display: flex; flex-wrap: wrap;\"&gt;\r\n        &lt;div class=\"col-lg-12 columnBlockLayout\" style=\"flex-grow: 1; display: flex; flex-direction: column; min-width: 300px; padding: 16px; margin: 60px 0px;\"&gt;{% webform name: 'Default Permit' %}&lt;/div&gt;\r\n    &lt;/div&gt;\r\n&lt;/div&gt;","displayorder":9,"enablerating":false,"enabletracking":false,"excludefromsearch":false,"feedbackpolicy":756150000,"hiddenfromsitemap":false,"isroot":false,"pagetemplateid":"b5a6e386-2002-ef11-9f89-0022483799ee","parentpageid":"0ea6e386-2002-ef11-9f89-0022483799ee","partialurl":"default","publishingstateid":"dea5e386-2002-ef11-9f89-0022483799ee","rootwebpageid":"98a5e386-2002-ef11-9f89-0022483799ee","sharedpageconfiguration":true,"summary":"&lt;p&gt;This is a sample landing page designed to be a starting point for your website&lt;/p&gt;","title":"Default Permit"}</content>
  <iscustomizable>1</iscustomizable>
  <name>Default Permit</name>
  <powerpagecomponenttype>2</powerpagecomponenttype>
  <powerpagesiteid>
    <powerpagesiteid>f7a6e386-2002-ef11-9f89-0022483799ee</powerpagesiteid>
  </powerpagesiteid>
  <powerpagesitelanguageid>
    <powerpagesitelanguageid>587fe58c-2002-ef11-9f89-0022483799ee</powerpagesitelanguageid>
  </powerpagesitelanguageid>
  <searchcontent>Default Permit&lt;div class="row sectionBlockLayout text-start" style="display: flex; flex-wrap: wrap; margin: 0px; min-height: auto; padding: 8px;"&gt;
    &lt;div class="container" style="display: flex; flex-wrap: wrap;"&gt;
        &lt;div class="col-lg-12 columnBlockLayout" style="flex-grow: 1; display: flex; flex-direction: column; min-width: 300px; padding: 16px; margin: 60px 0px;"&gt;{% webform name: 'Default Permit' %}&lt;/div&gt;
    &lt;/div&gt;
&lt;/div&gt;Default Permit</searchcontent>
  <statecode>0</statecode>
  <statuscode>1</statuscode>
</powerpagecomponent>