<powerpagecomponent powerpagecomponentid="3a72f8a7-b416-a1de-6454-8c05363a597c">
  <content>{
  "displayorder": 24,
  "weblinksetid": "01a6e386-2002-ef11-9f89-0022483799ee",
  "pageid": "a83a1ad8-0b7f-5458-0286-ff11bcbbc24f",
  "publishingstateid": "dea5e386-2002-ef11-9f89-0022483799ee",
  "displaypagevalidation": false,
  "displayimageonly": false,
  "displaypagechildlinks": false,
  "openinnewwindow": false,
  "robotsfollowlink": true
}</content>
  <iscustomizable>1</iscustomizable>
  <name>Admin-deleted</name>
  <powerpagecomponenttype>5</powerpagecomponenttype>
  <powerpagesiteid>
    <powerpagesiteid>f7a6e386-2002-ef11-9f89-0022483799ee</powerpagesiteid>
  </powerpagesiteid>
  <statecode>1</statecode>
  <statuscode>2</statuscode>
</powerpagecomponent>