<powerpagecomponent powerpagecomponentid="63642704-4e89-9b72-9aca-2839e188c075">
  <content>{
  "displayorder": 22,
  "customcss": "",
  "customjavascript": "",
  "pagetemplateid": "b5a6e386-2002-ef11-9f89-0022483799ee",
  "parentpageid": "0ea6e386-2002-ef11-9f89-0022483799ee",
  "partialurl": "Ginásio---Espinho",
  "isroot": true,
  "title": "Ginásio - Matosinhos (1)",
  "summary": "&lt;p&gt;This is a sample landing page designed to be a starting point for your website&lt;/p&gt;",
  "copy": "",
  "publishingstateid": "dea5e386-2002-ef11-9f89-0022483799ee",
  "enablerating": false,
  "enabletracking": false,
  "excludefromsearch": false,
  "hiddenfromsitemap": true,
  "sharedpageconfiguration": false
}</content>
  <iscustomizable>1</iscustomizable>
  <name>Ginásio - Espinho</name>
  <powerpagecomponenttype>2</powerpagecomponenttype>
  <powerpagesiteid>
    <powerpagesiteid>f7a6e386-2002-ef11-9f89-0022483799ee</powerpagesiteid>
  </powerpagesiteid>
  <searchcontent>Ginásio - Matosinhos (1)Ginásio - Espinho</searchcontent>
  <statecode>0</statecode>
  <statuscode>1</statuscode>
</powerpagecomponent>