<powerpagecomponent powerpagecomponentid="17c1fb9d-0f60-4e53-8ca3-20e725c9e35b">
  <content>{"createdOn":"2024-04-24T10:01:36.825Z","parentpageid":"0ea6e386-2002-ef11-9f89-0022483799ee","publishingstateid":"dea5e386-2002-ef11-9f89-0022483799ee","partialurl":"thumbnail.css","title":"","summary":"","enabletracking":false,"excludefromsearch":false,"hiddenfromsitemap":false,"displayorder":-1}</content>
  <filecontent mimetype="text/css">thumbnail.css</filecontent>
  <iscustomizable>1</iscustomizable>
  <name>thumbnail.css</name>
  <powerpagecomponenttype>3</powerpagecomponenttype>
  <powerpagesiteid>
    <powerpagesiteid>f7a6e386-2002-ef11-9f89-0022483799ee</powerpagesiteid>
  </powerpagesiteid>
  <statecode>0</statecode>
  <statuscode>1</statuscode>
</powerpagecomponent>