<powerpagecomponent powerpagecomponentid="8a184240-11d7-4f66-a978-5e20a4806cd1">
  <content>{"createdOn":"2024-04-26T14:37:03.887Z","parentpageid":"0ea6e386-2002-ef11-9f89-0022483799ee","publishingstateid":"dea5e386-2002-ef11-9f89-0022483799ee","partialurl":"a-visually-appealing-gym-banner-featuring-a-pair-o-9QNwV4H8Q5C4mc8IXQP5g-WsHKNU2cSJ-5-Z1l-YSR9A.jpeg","title":"","summary":"","enabletracking":false,"excludefromsearch":false,"hiddenfromsitemap":false}</content>
  <filecontent mimetype="image/jpeg">a-visually-appealing-gym-banner-featuring-a-pair-o-9QNwV4H8Q5C4mc8_IXQP5g-WsHKNU2cSJ-5-Z1l-YSR9A.jpeg</filecontent>
  <iscustomizable>1</iscustomizable>
  <name>a-visually-appealing-gym-banner-featuring-a-pair-o-9QNwV4H8Q5C4mc8_IXQP5g-WsHKNU2cSJ-5-Z1l-YSR9A.jpeg</name>
  <powerpagecomponenttype>3</powerpagecomponenttype>
  <powerpagesiteid>
    <powerpagesiteid>f7a6e386-2002-ef11-9f89-0022483799ee</powerpagesiteid>
  </powerpagesiteid>
  <statecode>0</statecode>
  <statuscode>1</statuscode>
</powerpagecomponent>