<powerpagecomponent powerpagecomponentid="7efa625f-a65b-0f81-a826-18d62aa23882">
  <content>{
  "filecontent": null,
  "displayorder": 17,
  "weblinksetid": "01a6e386-2002-ef11-9f89-0022483799ee",
  "pageid": "f35aa23b-eed6-2938-9e4a-1c94a9741439",
  "publishingstateid": "dea5e386-2002-ef11-9f89-0022483799ee",
  "displaypagevalidation": false,
  "displayimageonly": false,
  "displaypagechildlinks": false,
  "openinnewwindow": false,
  "robotsfollowlink": true
}</content>
  <iscustomizable>1</iscustomizable>
  <name>Yoga</name>
  <powerpagecomponenttype>5</powerpagecomponenttype>
  <powerpagesiteid>
    <powerpagesiteid>f7a6e386-2002-ef11-9f89-0022483799ee</powerpagesiteid>
  </powerpagesiteid>
  <statecode>0</statecode>
  <statuscode>1</statuscode>
</powerpagecomponent>