<powerpagecomponent powerpagecomponentid="5835252d-fc5d-4524-9ca4-ce359be10fe1">
  <content>{"createdOn":"2024-04-24T13:51:37.646Z","parentpageid":"0ea6e386-2002-ef11-9f89-0022483799ee","publishingstateid":"dea5e386-2002-ef11-9f89-0022483799ee","partialurl":"shutterstock1028301883web.jpg","title":"","summary":"","enabletracking":false,"excludefromsearch":false,"hiddenfromsitemap":false}</content>
  <filecontent mimetype="image/jpeg">shutterstock_1028301883web.jpg</filecontent>
  <iscustomizable>1</iscustomizable>
  <name>shutterstock_1028301883web.jpg</name>
  <powerpagecomponenttype>3</powerpagecomponenttype>
  <powerpagesiteid>
    <powerpagesiteid>f7a6e386-2002-ef11-9f89-0022483799ee</powerpagesiteid>
  </powerpagesiteid>
  <statecode>0</statecode>
  <statuscode>1</statuscode>
</powerpagecomponent>