<powerpagecomponent powerpagecomponentid="13a6e386-2002-ef11-9f89-0022483799ee">
  <content>{"copy":"{% include 'Permit Summary' permit_header:'Permit Information' apply_button_text:'Submit' %}\r\n","displayorder":3,"enablerating":false,"enabletracking":false,"excludefromsearch":false,"feedbackpolicy":756150000,"hiddenfromsitemap":false,"isroot":false,"pagetemplateid":"b5a6e386-2002-ef11-9f89-0022483799ee","parentpageid":"0ea6e386-2002-ef11-9f89-0022483799ee","partialurl":"summary","publishingstateid":"dea5e386-2002-ef11-9f89-0022483799ee","rootwebpageid":"aca6e386-2002-ef11-9f89-0022483799ee","sharedpageconfiguration":true,"summary":"&lt;p&gt;This is a sample landing page designed to be a starting point for your website&lt;/p&gt;","title":"Summary"}</content>
  <iscustomizable>1</iscustomizable>
  <name>Summary</name>
  <powerpagecomponenttype>2</powerpagecomponenttype>
  <powerpagesiteid>
    <powerpagesiteid>f7a6e386-2002-ef11-9f89-0022483799ee</powerpagesiteid>
  </powerpagesiteid>
  <powerpagesitelanguageid>
    <powerpagesitelanguageid>587fe58c-2002-ef11-9f89-0022483799ee</powerpagesitelanguageid>
  </powerpagesitelanguageid>
  <searchcontent>Summary{% include 'Permit Summary' permit_header:'Permit Information' apply_button_text:'Submit' %}
Summary</searchcontent>
  <statecode>0</statecode>
  <statuscode>1</statuscode>
</powerpagecomponent>