<powerpagecomponent powerpagecomponentid="b8a5e386-2002-ef11-9f89-0022483799ee">
  <content>{"source":"{% assign page_size = 10 %}\r\n{% assign current_page = request.params.page | default: 1 %}\r\n  {% fetchxml applicationtype %}\r\n    &lt;fetch version=\"1.0\" output-format=\"xml-platform\" mapping=\"logical\"&gt;\r\n      &lt;entity name=\"bp_permit\"&gt;\r\n        &lt;attribute name=\"bp_name\"/&gt;\r\n        &lt;attribute name=\"bp_description\"/&gt;\r\n        &lt;attribute name=\"bp_permittimeline\"/&gt;\r\n        &lt;attribute name=\"bp_shortname\"/&gt;\r\n        &lt;filter type=\"and\"&gt;\r\n          &lt;condition attribute=\"bp_name\" operator=\"like\" value=\"%{{ request.params.q }}%\"/&gt;\r\n        &lt;/filter&gt;\r\n      &lt;/entity&gt;\r\n    &lt;/fetch&gt;\r\n    {% endfetchxml %}\r\n    &lt;script&gt;\r\n      function updateApplication(appName) {\r\n        var queryUrl = '/summary/?q=';\r\n        queryUrl = queryUrl + appName.replaceAll(' ', '-')\r\n        window.location.href = queryUrl\r\n      }\r\n      \r\n      document.title = \"{{applicationtype.results.entities.size}} {{snippets['ResultsFound']}}\"\r\n      \r\n    &lt;/script&gt;\r\n  {% if applicationtype.results and applicationtype.results.entities and applicationtype.results.entities.size &gt; 0 %}\r\n  {% assign entityCode = applicationtype.results.entities[0].objecttypecode %}\r\n  {% endif %}\r\n  {% assign applicationTypeResult = applicationtype.results.entities %}\r\n  &lt;div class=\"search-bar\"&gt;\r\n  {% include 'Search' search_id:'search_control' %}\r\n  &lt;/div&gt;\r\n  {% if applicationtype.results.entities.size != 0 %}\r\n  &lt;div class=\"search-container\" tabindex=\"0\"&gt;\r\n{% for application in applicationTypeResult %}\r\n  &lt;button onclick=\"updateApplication('{{application.bp_shortname}}')\" class=\" applicationTypeItem\" style=\" display: flex; flex-direction: column; margin-right: 7px; margin-left: 7px; margin-bottom: 14px;\" data-component-theme=\"portalThemeColor7\" value=\"{{application.attributevalue}}\"&gt;\r\n    {% unless application.bp_name == empty %}\r\n    &lt;h3 class=\"card-h1\"&gt;{{application.bp_name}}&lt;/h3&gt;\r\n    {% endunless %}\r\n    {% unless application.bp_permittimeline == empty %}\r\n    &lt;p class=\"card-p\"&gt;{{ snippets['Average Processing Time'] }} {{application.bp_permittimeline}}&lt;/p&gt;\r\n    {% endunless %} \r\n    {% unless application.bp_description == empty %}\r\n    &lt;p class=\"card-p\"&gt;{{application.bp_description}}&lt;/p&gt;\r\n    {% endunless %}\r\n  &lt;/button&gt;\r\n{% endfor %}\r\n&lt;/div&gt;\r\n  {% else %}\r\n  &lt;div class=\"search-container\" tabindex=\"0\"&gt;\r\n    &lt;h2&gt;{{ snippets['NoSearchResultsFound'] }}&lt;/h2&gt;NoSearchResultsFound\r\n  &lt;/div&gt;\r\n  {% endif %}"}</content>
  <iscustomizable>1</iscustomizable>
  <name>Search Results</name>
  <powerpagecomponenttype>8</powerpagecomponenttype>
  <powerpagesiteid>
    <powerpagesiteid>f7a6e386-2002-ef11-9f89-0022483799ee</powerpagesiteid>
  </powerpagesiteid>
  <statecode>0</statecode>
  <statuscode>1</statuscode>
</powerpagecomponent>