<powerpagecomponent powerpagecomponentid="b9cc11d1-cc0b-4b1b-e20b-06031a1db12a">
  <content>{
  "filecontent": null,
  "displayorder": 13,
  "customcss": "",
  "customjavascript": "",
  "pagetemplateid": "b5a6e386-2002-ef11-9f89-0022483799ee",
  "parentpageid": "0ea6e386-2002-ef11-9f89-0022483799ee",
  "partialurl": "Ginásio---Gondomar",
  "isroot": false,
  "rootwebpageid": "8613f396-23da-7152-db33-1048691ae2d6",
  "title": "Ginásio - Gondomar",
  "summary": "&lt;p&gt;This is a sample landing page designed to be a starting point for your website&lt;/p&gt;",
  "copy": "&lt;div id=\"i69ei\" data-component-theme=\"portalThemeColor1\" class=\"row sectionBlockLayout text-start\" style=\"display: flex; flex-wrap: wrap; margin: 0px; min-height: auto; padding: 8px; background-image: linear-gradient(0deg, rgba(200, 198, 196, 0.48), rgba(200, 198, 196, 0.48));\"&gt;\n  &lt;div id=\"ihfvx\" class=\"container\" style=\"display: flex; flex-wrap: wrap;\"&gt;\n    &lt;div id=\"i9sxh\" class=\"col-lg-12 columnBlockLayout\" style=\"flex-grow: 1; display: flex; flex-direction: column; min-width: 250px; word-break: break-word; padding: 16px; margin: 60px 0px;\"&gt;\n      &lt;h1 id=\"i5tmzl\" style=\"text-align: center; color: var(--portalThemeColor4);\"&gt;​&lt;b id=\"i9bia\"&gt;GONDOMAR&lt;/b&gt;&lt;/h1&gt;\n    &lt;/div&gt;\n  &lt;/div&gt;\n&lt;/div&gt;\n&lt;div id=\"ifjkg5\" data-component-theme=\"portalThemeColor1\" class=\"row sectionBlockLayout text-start\" style=\"display: flex; flex-wrap: wrap; margin: 0px; min-height: auto; padding: 8px; background-image: linear-gradient(0deg, rgba(200, 198, 196, 0.48), rgba(200, 198, 196, 0.48));\"&gt;\n  &lt;div id=\"i8wsjb\" class=\"container\" style=\"padding: 0px; display: flex; flex-wrap: wrap;\"&gt;\n    &lt;div id=\"ixyhs7\" class=\"col-lg-6 columnBlockLayout\" style=\"flex-grow: 1; display: flex; flex-direction: column; min-width: 250px; word-break: break-word;\"&gt;\n      &lt;p id=\"iqgvqw\" style=\"text-align: center; color: var(--portalThemeColor4);\"&gt;​&lt;br id=\"i5odk\" /&gt;&lt;br id=\"iv9zg\" /&gt;&lt;b id=\"iqj1a\"&gt;HORÁRIOS&lt;/b&gt;&lt;br id=\"i48ve\" /&gt;&lt;br id=\"iykfw\" /&gt;Segunda a Sexta:&lt;br id=\"in4at\" /&gt;8h às 22h&lt;br id=\"iqqsqc\" /&gt;&lt;br id=\"ihi43l\" /&gt;Sábado e Domingo:&lt;br id=\"ifehgx\" /&gt;&lt;br id=\"ip0crg\" /&gt;10h às 18h&lt;br id=\"ijgyo3\" /&gt;&lt;br id=\"ihhmtj\" /&gt;&lt;br id=\"iww2nf\" /&gt;&lt;/p&gt;\n    &lt;/div&gt;\n    &lt;div id=\"i0yo9w\" class=\"col-lg-6 columnBlockLayout\" style=\"flex-grow: 1; display: flex; flex-direction: column; min-width: 250px; word-break: break-word;\"&gt;&lt;iframe frameborder=\"0\" allowfullscreen=\"allowfullscreen\" src=\"https://www.youtube.com/embed/jPhezXC0Y1c\" controls=\"controls\" id=\"iwio3f\" data-componentname=\"Video\" style=\"max-width: 100%; width: 100%; height: 450px;\"&gt; &lt;/iframe&gt;&lt;/div&gt;\n  &lt;/div&gt;\n&lt;/div&gt;\n&lt;div id=\"irfoxk\" data-component-theme=\"portalThemeColor1\" class=\"row sectionBlockLayout text-start\" style=\"display: flex; flex-wrap: wrap; margin: 0px; min-height: auto; padding: 8px; background-image: linear-gradient(0deg, rgba(200, 198, 196, 0.84), rgba(200, 198, 196, 0.84));\"&gt;\n  &lt;div id=\"inbn5b\" class=\"container\" style=\"padding: 0px; display: flex; flex-wrap: wrap;\"&gt;\n    &lt;div id=\"iumhuz\" class=\"col-lg-12 columnBlockLayout\" style=\"flex-grow: 1; display: flex; flex-direction: column; min-width: 250px; word-break: break-word;\"&gt;\n      &lt;h4 id=\"irb2go\" style=\"text-align: center; color: var(--portalThemeColor4);\"&gt;​&lt;u aria-label=\"Text Modalidades\" id=\"ijf1gl\" style=\"position: relative;\"&gt;Modalidades&lt;/u&gt;&lt;/h4&gt;\n    &lt;/div&gt;\n  &lt;/div&gt;\n&lt;/div&gt;\n&lt;div id=\"i2z0ef\" data-component-theme=\"portalThemeColor1\" class=\"row sectionBlockLayout text-start\" style=\"display: flex; flex-wrap: wrap; margin: 0px; min-height: auto; padding: 7px; background-image: linear-gradient(0deg, rgba(200, 198, 196, 0.84), rgba(200, 198, 196, 0.84));\"&gt;\n  &lt;div id=\"i6j9cj\" class=\"container\" style=\"padding: 0px; display: flex; flex-wrap: wrap; column-gap: 0px;\"&gt;\n    &lt;div id=\"i06l9l\" class=\"col-lg-4 columnBlockLayout\" style=\"flex-grow: 1; display: flex; flex-direction: column; min-width: 250px; word-break: break-word; margin: 60px 0px; padding: 10px; width: calc(33.3333% + 0px);\"&gt;&lt;button onclick=\"window.location.href='/Musculação/'\" type=\"button\" value=\"Musculação\" id=\"izvimh\" class=\"button1\" style=\"margin-left: auto; margin-right: auto;\"&gt;Musculação&lt;/button&gt;&lt;/div&gt;\n    &lt;div id=\"ir6toy\" class=\"col-lg-4 columnBlockLayout\" style=\"flex-grow: 1; display: flex; flex-direction: column; min-width: 250px; word-break: break-word; margin: 60px 0px; padding: 10px; width: calc(33.3333% + 0px);\"&gt;&lt;button onclick=\"window.location.href='/Yoga/'\" type=\"button\" value=\"Yoga\" id=\"ilu59f\" class=\"button1\" style=\"margin-left: auto; margin-right: auto;\"&gt;Yoga&lt;/button&gt;&lt;/div&gt;\n    &lt;div id=\"i4oeya\" class=\"col-lg-4 columnBlockLayout\" style=\"flex-grow: 1; display: flex; flex-direction: column; min-width: 250px; word-break: break-word; margin: 60px 0px; padding: 10px; width: calc(33.3333% + 0px);\"&gt;&lt;button onclick=\"window.location.href='/Cycling/'\" type=\"button\" value=\"Cycling\" id=\"iqxijc\" class=\"button1\" style=\"margin-left: auto; margin-right: auto;\"&gt;Cycling&lt;/button&gt;&lt;/div&gt;\n  &lt;/div&gt;\n&lt;/div&gt;\n",
  "publishingstateid": "dea5e386-2002-ef11-9f89-0022483799ee",
  "enablerating": false,
  "enabletracking": false,
  "excludefromsearch": false,
  "hiddenfromsitemap": true,
  "sharedpageconfiguration": false
}</content>
  <iscustomizable>1</iscustomizable>
  <name>Ginásio - Gondomar</name>
  <powerpagecomponenttype>2</powerpagecomponenttype>
  <powerpagesiteid>
    <powerpagesiteid>f7a6e386-2002-ef11-9f89-0022483799ee</powerpagesiteid>
  </powerpagesiteid>
  <powerpagesitelanguageid>
    <powerpagesitelanguageid>587fe58c-2002-ef11-9f89-0022483799ee</powerpagesitelanguageid>
  </powerpagesitelanguageid>
  <searchcontent>Ginásio - Gondomar&lt;div id="i69ei" data-component-theme="portalThemeColor1" class="row sectionBlockLayout text-start" style="display: flex; flex-wrap: wrap; margin: 0px; min-height: auto; padding: 8px; background-image: linear-gradient(0deg, rgba(200, 198, 196, 0.48), rgba(200, 198, 196, 0.48));"&gt;
  &lt;div id="ihfvx" class="container" style="display: flex; flex-wrap: wrap;"&gt;
    &lt;div id="i9sxh" class="col-lg-12 columnBlockLayout" style="flex-grow: 1; display: flex; flex-direction: column; min-width: 250px; word-break: break-word; padding: 16px; margin: 60px 0px;"&gt;
      &lt;h1 id="i5tmzl" style="text-align: center; color: var(--portalThemeColor4);"&gt;​&lt;b id="i9bia"&gt;GONDOMAR&lt;/b&gt;&lt;/h1&gt;
    &lt;/div&gt;
  &lt;/div&gt;
&lt;/div&gt;
&lt;div id="ifjkg5" data-component-theme="portalThemeColor1" class="row sectionBlockLayout text-start" style="display: flex; flex-wrap: wrap; margin: 0px; min-height: auto; padding: 8px; background-image: linear-gradient(0deg, rgba(200, 198, 196, 0.48), rgba(200, 198, 196, 0.48));"&gt;
  &lt;div id="i8wsjb" class="container" style="padding: 0px; display: flex; flex-wrap: wrap;"&gt;
    &lt;div id="ixyhs7" class="col-lg-6 columnBlockLayout" style="flex-grow: 1; display: flex; flex-direction: column; min-width: 250px; word-break: break-word;"&gt;
      &lt;p id="iqgvqw" style="text-align: center; color: var(--portalThemeColor4);"&gt;​&lt;br id="i5odk" /&gt;&lt;br id="iv9zg" /&gt;&lt;b id="iqj1a"&gt;HORÁRIOS&lt;/b&gt;&lt;br id="i48ve" /&gt;&lt;br id="iykfw" /&gt;Segunda a Sexta:&lt;br id="in4at" /&gt;8h às 22h&lt;br id="iqqsqc" /&gt;&lt;br id="ihi43l" /&gt;Sábado e Domingo:&lt;br id="ifehgx" /&gt;&lt;br id="ip0crg" /&gt;10h às 18h&lt;br id="ijgyo3" /&gt;&lt;br id="ihhmtj" /&gt;&lt;br id="iww2nf" /&gt;&lt;/p&gt;
    &lt;/div&gt;
    &lt;div id="i0yo9w" class="col-lg-6 columnBlockLayout" style="flex-grow: 1; display: flex; flex-direction: column; min-width: 250px; word-break: break-word;"&gt;&lt;iframe frameborder="0" allowfullscreen="allowfullscreen" src="https://www.youtube.com/embed/jPhezXC0Y1c" controls="controls" id="iwio3f" data-componentname="Video" style="max-width: 100%; width: 100%; height: 450px;"&gt; &lt;/iframe&gt;&lt;/div&gt;
  &lt;/div&gt;
&lt;/div&gt;
&lt;div id="irfoxk" data-component-theme="portalThemeColor1" class="row sectionBlockLayout text-start" style="display: flex; flex-wrap: wrap; margin: 0px; min-height: auto; padding: 8px; background-image: linear-gradient(0deg, rgba(200, 198, 196, 0.84), rgba(200, 198, 196, 0.84));"&gt;
  &lt;div id="inbn5b" class="container" style="padding: 0px; display: flex; flex-wrap: wrap;"&gt;
    &lt;div id="iumhuz" class="col-lg-12 columnBlockLayout" style="flex-grow: 1; display: flex; flex-direction: column; min-width: 250px; word-break: break-word;"&gt;
      &lt;h4 id="irb2go" style="text-align: center; color: var(--portalThemeColor4);"&gt;​&lt;u aria-label="Text Modalidades" id="ijf1gl" style="position: relative;"&gt;Modalidades&lt;/u&gt;&lt;/h4&gt;
    &lt;/div&gt;
  &lt;/div&gt;
&lt;/div&gt;
&lt;div id="i2z0ef" data-component-theme="portalThemeColor1" class="row sectionBlockLayout text-start" style="display: flex; flex-wrap: wrap; margin: 0px; min-height: auto; padding: 7px; background-image: linear-gradient(0deg, rgba(200, 198, 196, 0.84), rgba(200, 198, 196, 0.84));"&gt;
  &lt;div id="i6j9cj" class="container" style="padding: 0px; display: flex; flex-wrap: wrap; column-gap: 0px;"&gt;
    &lt;div id="i06l9l" class="col-lg-4 columnBlockLayout" style="flex-grow: 1; display: flex; flex-direction: column; min-width: 250px; word-break: break-word; margin: 60px 0px; padding: 10px; width: calc(33.3333% + 0px);"&gt;&lt;button onclick="window.location.href='/Musculação/'" type="button" value="Musculação" id="izvimh" class="button1" style="margin-left: auto; margin-right: auto;"&gt;Musculação&lt;/button&gt;&lt;/div&gt;
    &lt;div id="ir6toy" class="col-lg-4 columnBlockLayout" style="flex-grow: 1; display: flex; flex-direction: column; min-width: 250px; word-break: break-word; margin: 60px 0px; padding: 10px; width: calc(33.3333% + 0px);"&gt;&lt;button onclick="window.location.href='/Yoga/'" type="button" value="Yoga" id="ilu59f" class="button1" style="margin-left: auto; margin-right: auto;"&gt;Yoga&lt;/button&gt;&lt;/div&gt;
    &lt;div id="i4oeya" class="col-lg-4 columnBlockLayout" style="flex-grow: 1; display: flex; flex-direction: column; min-width: 250px; word-break: break-word; margin: 60px 0px; padding: 10px; width: calc(33.3333% + 0px);"&gt;&lt;button onclick="window.location.href='/Cycling/'" type="button" value="Cycling" id="iqxijc" class="button1" style="margin-left: auto; margin-right: auto;"&gt;Cycling&lt;/button&gt;&lt;/div&gt;
  &lt;/div&gt;
&lt;/div&gt;
Ginásio - Gondomar</searchcontent>
  <statecode>0</statecode>
  <statuscode>1</statuscode>
</powerpagecomponent>