<powerpagecomponent powerpagecomponentid="16a6e386-2002-ef11-9f89-0022483799ee">
  <content>{
  "disablepagevalidation": false,
  "displayimageonly": false,
  "displayorder": 1,
  "displaypagechildlinks": false,
  "openinnewwindow": false,
  "pageid": "110e6f73-5dfb-53a0-b2dc-ff1a4d831368",
  "publishingstateid": "dea5e386-2002-ef11-9f89-0022483799ee",
  "robotsfollowlink": true,
  "weblinksetid": "a0a5e386-2002-ef11-9f89-0022483799ee"
}</content>
  <iscustomizable>1</iscustomizable>
  <name>Sobre Nós</name>
  <powerpagecomponenttype>5</powerpagecomponenttype>
  <powerpagesiteid>
    <powerpagesiteid>f7a6e386-2002-ef11-9f89-0022483799ee</powerpagesiteid>
  </powerpagesiteid>
  <statecode>0</statecode>
  <statuscode>1</statuscode>
</powerpagecomponent>