<powerpagecomponent powerpagecomponentid="0b49fd28-78fe-cd59-2e8d-b3a5d0715b15">
  <content>{
  "displayorder": 13,
  "parentweblinkid": null,
  "weblinksetid": "01a6e386-2002-ef11-9f89-0022483799ee",
  "pageid": "8613f396-23da-7152-db33-1048691ae2d6",
  "publishingstateid": "dea5e386-2002-ef11-9f89-0022483799ee",
  "displaypagevalidation": false,
  "displayimageonly": false,
  "displaypagechildlinks": false,
  "openinnewwindow": false,
  "robotsfollowlink": true
}</content>
  <iscustomizable>1</iscustomizable>
  <name>Ginásio - Gondomar</name>
  <powerpagecomponenttype>5</powerpagecomponenttype>
  <powerpagesiteid>
    <powerpagesiteid>f7a6e386-2002-ef11-9f89-0022483799ee</powerpagesiteid>
  </powerpagesiteid>
  <statecode>0</statecode>
  <statuscode>1</statuscode>
</powerpagecomponent>