<powerpagecomponent powerpagecomponentid="dba5e386-2002-ef11-9f89-0022483799ee">
  <content>{"display_name":"Registration","type":756150001,"value":"&lt;script&gt;\r\n    $(document).ready(function () {\r\n\r\n        $(\"#content &gt; ul &gt; li &gt; a.active\").css({\r\n            \"border\": \"2px solid var(--portalThemeColor1)\",\r\n            \"border-radius\": \"20px\",\r\n            \"font-size\": \"24px\",\r\n            \"font-weight\": \"300\",\r\n            \"color\": \"var(--portalThemeColor1)\"\r\n        });\r\n\r\n        $(\"#content &gt; ul &gt; li:nth-child(1) &gt; a &gt; span\").css({\r\n            \"display\": \"none\"\r\n        });\r\n\r\n        $(\"#content &gt; ul &gt; li:nth-child(1) &gt; a\").css({\r\n            \"color\": \"#8F8F8F\",\r\n            \"font-size\": \"24px\"\r\n        });\r\n\r\n        $(\"#content &gt; ul &gt; li &gt; a.active\").text(\"Sign Up\");\r\n\r\n        $(\"#content &gt; ul &gt; li:nth-child(3) &gt; a\").css({\r\n            \"color\": \"var(--portalThemeColor1)\",\r\n            \"font-size\": \"24px\",\r\n            \"text-decoration\": \"underline\"\r\n        });\r\n\r\n        $(\"#content &gt; ul\").css({\r\n            \"margin-bottom\": \"50px\",\r\n            \"border-bottom\": \"none\"\r\n        });\r\n\r\n        $(\".login-heading-section\").css({\r\n            \"border-bottom\": \"none\"\r\n        });\r\n\r\n        $(\"#ContentContainer_MainContent_MainContent_LocalLogin &gt; div &gt; div &gt; div, #ContentContainer_MainContent_MainContent_ShowEmail &gt; div, #ContentContainer_MainContent_MainContent_ShowUserName &gt; div, .row.mb-3\").css({\r\n            display: \"flex\",\r\n            \"flex-direction\": \"column\",\r\n        });\r\n\r\n        $(\"#ContentContainer_MainContent_MainContent_ShowEmail &gt; div &gt; label, #ContentContainer_MainContent_MainContent_ShowUserName &gt; div &gt; label, #ContentContainer_MainContent_MainContent_LocalLogin &gt; div &gt; div &gt; div &gt; label, .row.mb-3 label[for='PasswordTextBox']\").css({\r\n            \"margin-left\": \"-119px\",\r\n            \"margin-bottom\": \"10px\",\r\n            color: \"var(--portalThemeColor1)\",\r\n        });\r\n\r\n        $(\".row.mb-3 label[for='EmailTextBox']\").css({\r\n            \"margin-left\": \"-139px\",\r\n            \"margin-bottom\": \"10px\",\r\n            color: \"var(--portalThemeColor1)\",\r\n        });\r\n\r\n        $(\".row.mb-3 label[for='UserNameTextBox']\").css({\r\n            \"margin-left\": \"-111px\",\r\n            \"margin-bottom\": \"10px\",\r\n            color: \"var(--portalThemeColor1)\",\r\n        });\r\n\r\n        $(\".row.mb-3 label[for='ConfirmPasswordTextBox']\").css({\r\n            \"margin-left\": \"-59px\",\r\n            \"margin-bottom\": \"10px\",\r\n            color: \"var(--portalThemeColor1)\",\r\n        });\r\n\r\n        $(\"#ContentContainer_MainContent_MainContent_ShowEmail &gt; div &gt; label\").css({\r\n            \"margin-left\": \"-140px\",\r\n        });\r\n\r\n        $(\"#ContentContainer_MainContent_MainContent_LocalLogin &gt; div &gt; div &gt; div:nth-child(5) &gt; label\").css({\r\n            \"margin-left\": \"-23px\"\r\n        });\r\n\r\n        $(\"#EmailTextBox, #UserNameTextBox, #PasswordTextBox, #ConfirmPasswordTextBox\").css({\r\n            \"border\": \"0\",\r\n            \"border-bottom\": \"2px solid #181818\",\r\n            \"-webkit-backface-visibility\": \"d-none\"\r\n        });\r\n\r\n        $(\"#SubmitButton\").css({\r\n            \"border-radius\": \"20px\",\r\n            \"background-color\": \"var(--portalThemeColor1)\",\r\n            \"color\": \"#fff\",\r\n            \"height\": \"60px\",\r\n            \"width\": \"132px\",\r\n            \"font-size\": \"24px\",\r\n            \"border-color\": \"var(--portalThemeColor1)\",\r\n            \"padding-left\": \"15px\"\r\n        });\r\n\r\n        $(\"#SubmitButton\").text(\"Sign Up\");\r\n\r\n        $(\"#ContentContainer_MainContent_MainContent_LocalLogin &gt; div &gt; div &gt; div:nth-child(6) &gt; div\").css({\r\n            \"margin-left\": \"0\",\r\n            \"margin-top\": \"25px\"\r\n        });\r\n\r\n        $(\"#ContentContainer_MainContent_MainContent_ExternalLoginButtons &gt; button\").css({\r\n            \"border-radius\": \"20px\",\r\n            \"background-color\": \"var(--portalThemeColor1)\",\r\n            \"color\": \"#fff\",\r\n            \"height\": \"60px\",\r\n            \"width\": \"163px\",\r\n            \"font-size\": \"24px\",\r\n            \"border-color\": \"var(--portalThemeColor1)\",\r\n            \"padding-left\": \"15px\"\r\n        });\r\n\r\n    });\r\n&lt;/script&gt;"}</content>
  <iscustomizable>1</iscustomizable>
  <name>Account/Register/PageCopy</name>
  <powerpagecomponenttype>7</powerpagecomponenttype>
  <powerpagesiteid>
    <powerpagesiteid>f7a6e386-2002-ef11-9f89-0022483799ee</powerpagesiteid>
  </powerpagesiteid>
  <statecode>0</statecode>
  <statuscode>1</statuscode>
</powerpagecomponent>