{
  "properties": {
    "connectionReferences": {
      "shared_commondataserviceforapps": {
        "runtimeSource": "embedded",
        "connection": {
          "connectionReferenceLogicalName": "crd15_sharedcommondataserviceforapps_8d22f"
        },
        "api": {
          "name": "shared_commondataserviceforapps"
        }
      },
      "shared_office365": {
        "runtimeSource": "embedded",
        "connection": {
          "connectionReferenceLogicalName": "crd15_sharedoffice365_3b200"
        },
        "api": {
          "name": "shared_office365"
        }
      }
    },
    "definition": {
      "$schema": "https://schema.management.azure.com/providers/Microsoft.Logic/schemas/2016-06-01/workflowdefinition.json#",
      "contentVersion": "undefined",
      "parameters": {
        "$connections": {
          "defaultValue": {},
          "type": "Object"
        },
        "$authentication": {
          "defaultValue": {},
          "type": "SecureObject"
        }
      },
      "triggers": {
        "Recurrence": {
          "recurrence": {
            "frequency": "Day",
            "interval": 1,
            "timeZone": "GMT Standard Time",
            "startTime": "2024-04-08T09:00:00Z",
            "schedule": {
              "hours": [
                "0"
              ],
              "minutes": [
                0
              ]
            }
          },
          "metadata": {
            "operationMetadataId": "6acf148b-ae53-4157-9dfb-5fd993b38c70"
          },
          "type": "Recurrence"
        }
      },
      "actions": {
        "List_rows": {
          "runAfter": {},
          "metadata": {
            "operationMetadataId": "82c0df09-a967-4bec-9eb6-a8c5e47fd904"
          },
          "type": "OpenApiConnection",
          "inputs": {
            "host": {
              "connectionName": "shared_commondataserviceforapps",
              "operationId": "ListRecords",
              "apiId": "/providers/Microsoft.PowerApps/apis/shared_commondataserviceforapps"
            },
            "parameters": {
              "entityName": "contacts",
              "$filter": "createdon ge '@{addHours(utcNow(), -24)}'"
            },
            "authentication": "@parameters('$authentication')"
          }
        },
        "Create_HTML_table": {
          "runAfter": {
            "Compose": [
              "Succeeded"
            ]
          },
          "metadata": {
            "operationMetadataId": "3981808e-1b8c-409b-a646-d5c483bc600e"
          },
          "type": "Table",
          "inputs": {
            "from": "@outputs('List_rows')?['body/value']",
            "format": "HTML",
            "columns": [
              {
                "header": "First Name",
                "value": "@item()?['firstname']"
              },
              {
                "header": "Last Name",
                "value": "@item()?['lastname']"
              },
              {
                "header": "Email Parental",
                "value": "@item()?['emailaddress2']"
              },
              {
                "header": "Email",
                "value": "@item()?['emailaddress1']"
              },
              {
                "header": "É Menor",
                "value": "@item()?['msdyn_isminor']"
              }
            ]
          }
        },
        "Send_an_email_(V2)": {
          "runAfter": {
            "Create_HTML_table": [
              "Succeeded"
            ]
          },
          "metadata": {
            "operationMetadataId": "de233e7b-1a8e-46a0-b83b-e7501f9a3564"
          },
          "type": "OpenApiConnection",
          "inputs": {
            "host": {
              "connectionName": "shared_office365",
              "operationId": "SendEmailV2",
              "apiId": "/providers/Microsoft.PowerApps/apis/shared_office365"
            },
            "parameters": {
              "emailMessage/To": "iefp228@alunos.ipca.pt",
              "emailMessage/Subject": "Relatorio",
              "emailMessage/Body": "<p>@{body('Create_HTML_table')}@{outputs('Compose')}</p><br>",
              "emailMessage/Importance": "Normal"
            },
            "authentication": "@parameters('$authentication')"
          }
        },
        "Compose": {
          "runAfter": {
            "List_rows": [
              "Succeeded"
            ]
          },
          "metadata": {
            "operationMetadataId": "041681c8-64b3-4a4a-9d9c-b654867269e5"
          },
          "type": "Compose",
          "inputs": "<style>\n    table {\n        border-collapse: collapse;\n    }\n    table td,\n    table th {\n        border: 1px solid #ddd;\n        padding: 6px 20px;\n        text-align: left;\n    }\n    table th {\n        background-color: #1C6EA4;\n        color: white;\n    }\n</style>"
        }
      }
    },
    "templateName": ""
  },
  "schemaVersion": "1.0.0.0"
}