<powerpagecomponent powerpagecomponentid="5ad1f8fe-1185-435d-9571-6ba31a20209d">
  <content>{"createdOn":"2024-04-26T09:01:57.424Z","parentpageid":"0ea6e386-2002-ef11-9f89-0022483799ee","publishingstateid":"dea5e386-2002-ef11-9f89-0022483799ee","partialurl":"a-vibrant-gym-banner-with-the-phrase-sobre-nos-in--iSDa0VZkQZq6JqwsKZ8aqA-GeaXYrXzQE273p0k6dAMcg.jpeg","title":"","summary":"","enabletracking":false,"excludefromsearch":false,"hiddenfromsitemap":false}</content>
  <filecontent mimetype="image/jpeg">a-vibrant-gym-banner-with-the-phrase-sobre-nos-in--iSDa0VZkQZq6JqwsKZ8aqA-GeaXYrXzQE273p0k6dAMcg.jpeg</filecontent>
  <iscustomizable>1</iscustomizable>
  <name>a-vibrant-gym-banner-with-the-phrase-sobre-nos-in--iSDa0VZkQZq6JqwsKZ8aqA-GeaXYrXzQE273p0k6dAMcg.jpeg</name>
  <powerpagecomponenttype>3</powerpagecomponenttype>
  <powerpagesiteid>
    <powerpagesiteid>f7a6e386-2002-ef11-9f89-0022483799ee</powerpagesiteid>
  </powerpagesiteid>
  <statecode>0</statecode>
  <statuscode>1</statuscode>
</powerpagecomponent>