<powerpagecomponent powerpagecomponentid="1b289001-efd0-4ed5-be66-d0cedc629079">
  <content>{"createdOn":"2024-04-24T10:12:06.891Z","parentpageid":"0ea6e386-2002-ef11-9f89-0022483799ee","publishingstateid":"dea5e386-2002-ef11-9f89-0022483799ee","partialurl":"MV5BMWQxNGNiNDAtYjFlMS00YzFlLWFlYWMtYjYxM2E1NzFjNTUyXkEyXkFqcGdeQXVyNDQ5MDYzMTk.V1.png","title":"","summary":"","enabletracking":false,"excludefromsearch":false,"hiddenfromsitemap":false}</content>
  <filecontent mimetype="image/png">MV5BMWQxNGNiNDAtYjFlMS00YzFlLWFlYWMtYjYxM2E1NzFjNTUyXkEyXkFqcGdeQXVyNDQ5MDYzMTk._V1_.png</filecontent>
  <iscustomizable>1</iscustomizable>
  <name>MV5BMWQxNGNiNDAtYjFlMS00YzFlLWFlYWMtYjYxM2E1NzFjNTUyXkEyXkFqcGdeQXVyNDQ5MDYzMTk._V1_.png</name>
  <powerpagecomponenttype>3</powerpagecomponenttype>
  <powerpagesiteid>
    <powerpagesiteid>f7a6e386-2002-ef11-9f89-0022483799ee</powerpagesiteid>
  </powerpagesiteid>
  <statecode>0</statecode>
  <statuscode>1</statuscode>
</powerpagecomponent>