<powerpagecomponent powerpagecomponentid="66a6e386-2002-ef11-9f89-0022483799ee">
  <content>{"adx_entitypermission_webrole":["24a6e386-2002-ef11-9f89-0022483799ee","e4a5e386-2002-ef11-9f89-0022483799ee"],"append":true,"appendto":true,"create":true,"delete":true,"entitylogicalname":"annotation","entityname":"Notes Global","read":true,"scope":756150000,"write":true}</content>
  <iscustomizable>1</iscustomizable>
  <name>Notes Global</name>
  <powerpagecomponenttype>18</powerpagecomponenttype>
  <powerpagesiteid>
    <powerpagesiteid>f7a6e386-2002-ef11-9f89-0022483799ee</powerpagesiteid>
  </powerpagesiteid>
  <statecode>0</statecode>
  <statuscode>1</statuscode>
</powerpagecomponent>