{"schemaVersion":"1.0","appDefinitionTemplate":{"id":"/providers/Microsoft.PowerApps/apps/","type":"Microsoft.PowerApps/apps","tags":{"primaryDeviceWidth":"1366","primaryDeviceHeight":"768","supportsPortrait":"true","supportsLandscape":"true","primaryFormFactor":"Tablet","showStatusBar":"false","publisherVersion":"3.24034.17","minimumRequiredApiVersion":"2.2.0","hasComponent":"true","hasUnlockedComponent":"true","isUnifiedRootApp":"false","sienaVersion":"20240410T135536Z-3.24034.17.0"},"properties":{"appVersion":"2024-04-10T13:55:36Z","lifeCycleId":"Published","createdByClientVersion":{"major":3,"minor":24034,"build":17,"revision":0,"majorRevision":0,"minorRevision":0},"minClientVersion":{"major":3,"minor":24034,"build":17,"revision":0,"majorRevision":0,"minorRevision":0},"backgroundColor":"RGBA(0,176,240,1)","backgroundImageUri":"/7009747128108293233/N4b74722e-87eb-4ebc-b782-2ae8c0ef5cf8-logoSmallFile","displayName":"App_GymTrend_Tablet_TG","description":"","commitMessage":"","appUris":{"documentUri":{"value":"/7009747128108293233/N49324921-dd5b-49f8-ae9d-a94566ce2d8a-document.msapp"},"imageUris":[],"additionalUris":[{"isSolutionAware":false,"value":"/7009747128108293233/N852bacf1-db10-4a3b-b673-8752b4469e7b-identity.json"}]},"createdTime":"0001-01-01T00:00:00Z","lastModifiedTime":"0001-01-01T00:00:00Z","sharedGroupsCount":0,"sharedUsersCount":0,"connectionReferences":{},"authorizationReferences":[{"resourceId":"powerbi"}],"databaseReferences":{"default.cds":{"databaseDetails":{"referenceType":"Environmental","environmentName":"default.cds","overrideValues":{"status":"NotSpecified","environmentVariableName":""}},"dataSources":{"Users_Info":{"entitySetName":"crfe1_usersinfos","logicalName":"crfe1_usersinfo","isHidden":false},"ItemsRegisters":{"entitySetName":"crfe1_itemsregisters","logicalName":"crfe1_itemsregister","isHidden":false},"Manutencaos":{"entitySetName":"crfe1_manutencaos","logicalName":"crfe1_manutencao","isHidden":false}},"actions":["providers/PowerPlatform.Governance/Operations/Read","providers/PowerPlatform.Governance/Operations/Write","providers/PowerPlatform.Governance/Operations/Delete"]}},"almMode":"Environment","performanceOptimizationEnabled":false,"canConsumeAppPass":false,"enableModernRuntimeMode":false,"executionRestrictions":{"isTeamsOnly":false,"dataLossPreventionEvaluationResult":{"status":"Compliant","lastEvaluationDate":"2024-04-10T10:42:15.6685497Z","violations":[],"violationsByPolicy":[],"violationErrorMessage":"The app uses the following connectors: shared_commondataservice."}}},"appType":"ClassicCanvasApp","appComponents":[]}}