<powerpagecomponent powerpagecomponentid="6c306de3-a1cc-4fb9-9965-4041c9d31238">
  <content>{"createdOn":"2024-04-24T13:25:20.109Z","parentpageid":"0ea6e386-2002-ef11-9f89-0022483799ee","publishingstateid":"dea5e386-2002-ef11-9f89-0022483799ee","partialurl":"Dicas-para-quem-faz-musculação.png","title":"","summary":"","enabletracking":false,"excludefromsearch":false,"hiddenfromsitemap":false}</content>
  <filecontent mimetype="image/png">Dicas-para-quem-faz-muscula%C3%A7%C3%A3o.png</filecontent>
  <iscustomizable>1</iscustomizable>
  <name>Dicas-para-quem-faz-musculação.png</name>
  <powerpagecomponenttype>3</powerpagecomponenttype>
  <powerpagesiteid>
    <powerpagesiteid>f7a6e386-2002-ef11-9f89-0022483799ee</powerpagesiteid>
  </powerpagesiteid>
  <statecode>0</statecode>
  <statuscode>1</statuscode>
</powerpagecomponent>