<powerpagecomponent powerpagecomponentid="d5a5e386-2002-ef11-9f89-0022483799ee">
  <content>{"display_name":"ResultsFound","type":756150000,"value":"results found"}</content>
  <iscustomizable>1</iscustomizable>
  <name>ResultsFound</name>
  <powerpagecomponenttype>7</powerpagecomponenttype>
  <powerpagesiteid>
    <powerpagesiteid>f7a6e386-2002-ef11-9f89-0022483799ee</powerpagesiteid>
  </powerpagesiteid>
  <powerpagesitelanguageid>
    <powerpagesitelanguageid>587fe58c-2002-ef11-9f89-0022483799ee</powerpagesitelanguageid>
  </powerpagesitelanguageid>
  <statecode>0</statecode>
  <statuscode>1</statuscode>
</powerpagecomponent>