<powerpagecomponent powerpagecomponentid="26a6e386-2002-ef11-9f89-0022483799ee">
  <content>{"adx_entitypermission_webrole":["e2a5e386-2002-ef11-9f89-0022483799ee","52a6e386-2002-ef11-9f89-0022483799ee","24a6e386-2002-ef11-9f89-0022483799ee","e4a5e386-2002-ef11-9f89-0022483799ee"],"append":false,"appendto":false,"create":false,"delete":false,"entitylogicalname":"bp_permitsteps","entityname":"Permit Steps","read":true,"scope":756150000,"write":false}</content>
  <iscustomizable>1</iscustomizable>
  <name>Permit Steps</name>
  <powerpagecomponenttype>18</powerpagecomponenttype>
  <powerpagesiteid>
    <powerpagesiteid>f7a6e386-2002-ef11-9f89-0022483799ee</powerpagesiteid>
  </powerpagesiteid>
  <statecode>0</statecode>
  <statuscode>1</statuscode>
</powerpagecomponent>