<powerpagecomponent powerpagecomponentid="0ba6e386-2002-ef11-9f89-0022483799ee">
  <content>{"allowmultiplefiles":false,"appendquerystring":false,"associatecurrentportaluser":false,"attachfile":false,"attachfilerequired":false,"attachfilerestrictaccept":false,"autogeneratesteps":false,"captcharequired":false,"createautonumber":false,"editexistingrecordpermitted":false,"entitypermissionsenabled":true,"entitysourcestep":"a1a6e386-2002-ef11-9f89-0022483799ee","entitysourcetype":100000003,"forceallfieldsrequired":false,"formname":"Project Details","geolocation_displaymap":false,"geolocation_enabled":false,"geolocation_maptype":756150000,"hideformonsuccess":true,"loguser":false,"mode":100000001,"movepreviouspermitted":true,"multiplerecordsperuserpermitted":false,"nextstep":"8fa6e386-2002-ef11-9f89-0022483799ee","populatereferenceentitylookupfield":false,"portaluserlookupattributeisactivityparty":false,"recommendedfieldsrequired":false,"recordsourcerelationshipname":"bp_defaultApplication_Contact","redirecturlappendentityidquerystring":false,"referenceentityshowreadonlyform":false,"referenceentitysourcetype":100000001,"referencequerystringisprimarykey":true,"renderwebresourcesinline":false,"setentityreference":false,"showcaptchaforauthenticatedusers":false,"showownerfields":false,"showunsupportedfields":false,"targetentitylogicalname":"bp_defaultapplication","tooltipenabled":false,"type":100000001,"validationsummarylinksenabled":true,"webform":"94a6e386-2002-ef11-9f89-0022483799ee"}</content>
  <iscustomizable>1</iscustomizable>
  <name>Project Details</name>
  <powerpagecomponenttype>20</powerpagecomponenttype>
  <powerpagesiteid>
    <powerpagesiteid>f7a6e386-2002-ef11-9f89-0022483799ee</powerpagesiteid>
  </powerpagesiteid>
  <statecode>0</statecode>
  <statuscode>1</statuscode>
</powerpagecomponent>