<powerpagecomponent powerpagecomponentid="e3a6e386-2002-ef11-9f89-0022483799ee">
  <content>{"adx_webpageaccesscontrolrule_webrole":["e4a5e386-2002-ef11-9f89-0022483799ee"],"right":1,"scope":1,"webpageid":"0ea6e386-2002-ef11-9f89-0022483799ee"}</content>
  <iscustomizable>1</iscustomizable>
  <name>Grant Change to Administrators</name>
  <powerpagecomponenttype>10</powerpagecomponenttype>
  <powerpagesiteid>
    <powerpagesiteid>f7a6e386-2002-ef11-9f89-0022483799ee</powerpagesiteid>
  </powerpagesiteid>
  <statecode>0</statecode>
  <statuscode>1</statuscode>
</powerpagecomponent>