<powerpagecomponent powerpagecomponentid="3ea6e386-2002-ef11-9f89-0022483799ee">
  <content>{"contentdisposition":756150000,"displayorder":1,"enabletracking":false,"excludefromsearch":true,"hiddenfromsitemap":true,"parentpageid":"0ea6e386-2002-ef11-9f89-0022483799ee","partialurl":"bootstrap.min.css","publishingstateid":"dea5e386-2002-ef11-9f89-0022483799ee"}</content>
  <filecontent mimetype="application/octet-stream">bootstrap.min.css</filecontent>
  <iscustomizable>1</iscustomizable>
  <name>bootstrap.min.css</name>
  <powerpagecomponenttype>3</powerpagecomponenttype>
  <powerpagesiteid>
    <powerpagesiteid>f7a6e386-2002-ef11-9f89-0022483799ee</powerpagesiteid>
  </powerpagesiteid>
  <statecode>0</statecode>
  <statuscode>1</statuscode>
</powerpagecomponent>