{"name":"c99cc8f5-24a3-40fe-af23-2892e50aa975","id":"/providers/Microsoft.Flow/flows/c99cc8f5-24a3-40fe-af23-2892e50aa975","type":"Microsoft.Flow/flows","properties":{"apiId":"/providers/Microsoft.PowerApps/apis/shared_logicflows","displayName":"Inscrição Ferias","definition":{"metadata":{"workflowEntityId":null,"processAdvisorMetadata":null,"flowChargedByPaygo":null,"flowclientsuspensionreason":"None","flowclientsuspensiontime":null,"flowclientsuspensionreasondetails":null,"creator":{"id":"c44a80c1-fb54-48e4-9a16-c34773c862b8","type":"User","tenantId":"92742eae-a119-43fb-a956-d7def744881a"},"provisioningMethod":"FromDefinition","failureAlertSubscription":true,"clientLastModifiedTime":"2024-04-11T12:45:06.1260123Z","connectionKeySavedTimeKey":"2024-04-11T12:45:06.1260123Z"},"$schema":"https://schema.management.azure.com/providers/Microsoft.Logic/schemas/2016-06-01/workflowdefinition.json#","contentVersion":"1.0.0.0","parameters":{"$connections":{"defaultValue":{},"type":"Object"},"$authentication":{"defaultValue":{},"type":"SecureObject"}},"triggers":{"When_a_row_is_added,_modified_or_deleted":{"metadata":{"operationMetadataId":"7f296f4e-bb80-4c62-b747-d81757dad3d8"},"type":"OpenApiConnectionWebhook","inputs":{"parameters":{"subscriptionRequest/message":1,"subscriptionRequest/entityname":"contact","subscriptionRequest/scope":4},"host":{"apiId":"/providers/Microsoft.PowerApps/apis/shared_commondataserviceforapps","connectionName":"shared_commondataserviceforapps","operationId":"SubscribeWebhookTrigger"},"authentication":"@parameters('$authentication')"}}},"actions":{"Condition":{"actions":{"Start_and_wait_for_an_approval":{"runAfter":{},"metadata":{"operationMetadataId":"c6f9fc63-a2a2-495d-a204-5847ca9a799e"},"type":"OpenApiConnectionWebhook","inputs":{"parameters":{"approvalType":"Basic","WebhookApprovalCreationInput/title":"Aprovação de menor","WebhookApprovalCreationInput/assignedTo":"@triggerBody()?['emailaddress2']","WebhookApprovalCreationInput/enableNotifications":true,"WebhookApprovalCreationInput/enableReassignment":true},"host":{"apiId":"/providers/Microsoft.PowerApps/apis/shared_approvals","connectionName":"shared_approvals","operationId":"StartAndWaitForAnApproval"},"authentication":"@parameters('$authentication')"}},"Email_Parental":{"runAfter":{"Start_and_wait_for_an_approval":["Succeeded"]},"metadata":{"operationMetadataId":"9c50e926-035b-4056-b9bf-c5e178d2e88e"},"type":"OpenApiConnection","inputs":{"host":{"apiId":"/providers/Microsoft.PowerApps/apis/shared_office365","connectionName":"shared_office365","operationId":"SendEmailV2"},"parameters":{"emailMessage/To":"@triggerBody()?['emailaddress2']","emailMessage/Subject":"Inscrição GymTrend - Confirmação Parental","emailMessage/Body":"<p>A inscrição do seu educando foi confirmada.<br><br>Obrigado pela preferência</p>","emailMessage/Importance":"Normal"},"authentication":"@parameters('$authentication')"}},"Update_a_row":{"runAfter":{"Email_Parental":["Succeeded"]},"metadata":{"operationMetadataId":"60985de5-6e6f-42fc-b910-dc5905cee336"},"type":"OpenApiConnection","inputs":{"parameters":{"entityName":"contacts","recordId":"@triggerBody()?['contactid']","item/msdyn_isminorwithparentalconsent":false},"host":{"apiId":"/providers/Microsoft.PowerApps/apis/shared_commondataserviceforapps","connectionName":"shared_commondataserviceforapps","operationId":"UpdateRecord"},"authentication":"@parameters('$authentication')"}}},"runAfter":{"Initialize_variable":["Succeeded"]},"else":{"actions":{"Email":{"runAfter":{},"metadata":{"operationMetadataId":"ab9ab800-e8d9-4f43-8459-9e88cecf4fcd"},"type":"OpenApiConnection","inputs":{"host":{"apiId":"/providers/Microsoft.PowerApps/apis/shared_office365","connectionName":"shared_office365","operationId":"SendEmailV2"},"parameters":{"emailMessage/To":"@triggerBody()?['emailaddress1']","emailMessage/Subject":"Inscrição GymTrend","emailMessage/Body":"<p>A sua inscrição foi registada. <br><br>Obrigado pela preferencia!</p>","emailMessage/Importance":"Normal"},"authentication":"@parameters('$authentication')"}}}},"expression":{"and":[{"startsWith":["@variables('Aprovação')","t"]},{"contains":["",""]}]},"metadata":{"operationMetadataId":"ad104e0f-de66-427e-8d7c-5119b7169e2a"},"type":"If"},"Initialize_variable":{"runAfter":{},"metadata":{"operationMetadataId":"787520b6-9994-4600-bb01-3ae2acb02679"},"type":"InitializeVariable","inputs":{"variables":[{"name":"Aprovação","type":"string","value":"@{triggerBody()?['msdyn_isminorwithparentalconsent']}"}]}}},"outputs":{}},"connectionReferences":{"shared_approvals":{"connectionName":"shared-approvals-0f063296-d164-4095-921a-10ba0dbedfd4","source":"Embedded","id":"/providers/Microsoft.PowerApps/apis/shared_approvals","tier":"NotSpecified"},"shared_office365":{"connectionName":"shared-office365-1c275064-fe2f-4fcc-869d-554b2d9fbc36","source":"Embedded","id":"/providers/Microsoft.PowerApps/apis/shared_office365","tier":"NotSpecified"},"shared_commondataserviceforapps":{"connectionName":"shared-commondataser-bdf9db2c-6d17-46e9-82b8-30085865e04f","source":"Embedded","id":"/providers/Microsoft.PowerApps/apis/shared_commondataserviceforapps","tier":"NotSpecified"}},"flowFailureAlertSubscribed":false,"isManaged":false}}