<powerpagecomponent powerpagecomponentid="cfa6e386-2002-ef11-9f89-0022483799ee">
  <content>{"adx_webpageaccesscontrolrule_webrole":["e2a5e386-2002-ef11-9f89-0022483799ee"],"right":1,"scope":1}</content>
  <iscustomizable>1</iscustomizable>
  <name>Permit Permission</name>
  <powerpagecomponenttype>10</powerpagecomponenttype>
  <powerpagesiteid>
    <powerpagesiteid>f7a6e386-2002-ef11-9f89-0022483799ee</powerpagesiteid>
  </powerpagesiteid>
  <statecode>0</statecode>
  <statuscode>1</statuscode>
</powerpagecomponent>