<powerpagecomponent powerpagecomponentid="4ea6e386-2002-ef11-9f89-0022483799ee">
  <content>{"adx_entitypermission_webrole":["e2a5e386-2002-ef11-9f89-0022483799ee","52a6e386-2002-ef11-9f89-0022483799ee"],"append":false,"appendto":false,"create":false,"delete":false,"entitylogicalname":"adx_entityform","entityname":"Basic Forms Permissions","read":true,"scope":756150000,"write":false}</content>
  <iscustomizable>1</iscustomizable>
  <name>Basic Forms Permissions</name>
  <powerpagecomponenttype>18</powerpagecomponenttype>
  <powerpagesiteid>
    <powerpagesiteid>f7a6e386-2002-ef11-9f89-0022483799ee</powerpagesiteid>
  </powerpagesiteid>
  <statecode>0</statecode>
  <statuscode>1</statuscode>
</powerpagecomponent>