<powerpagecomponent powerpagecomponentid="84a6e386-2002-ef11-9f89-0022483799ee">
  <content>{"description":"Denies use of the portal to minors without parental consent. By default, it is set to false.","value":"false"}</content>
  <iscustomizable>1</iscustomizable>
  <name>Authentication/Registration/DenyMinorsWithoutParentalConsent</name>
  <powerpagecomponenttype>9</powerpagecomponenttype>
  <powerpagesiteid>
    <powerpagesiteid>f7a6e386-2002-ef11-9f89-0022483799ee</powerpagesiteid>
  </powerpagesiteid>
  <statecode>0</statecode>
  <statuscode>1</statuscode>
</powerpagecomponent>