<powerpagecomponent powerpagecomponentid="661a1f58-ec8d-09d0-adc4-679196b0c7e1">
  <content>{
  "filecontent": null,
  "displayorder": 14,
  "weblinksetid": "01a6e386-2002-ef11-9f89-0022483799ee",
  "pageid": "c1f689b9-0c70-ed4c-d839-7f03837c3e9f",
  "publishingstateid": "dea5e386-2002-ef11-9f89-0022483799ee",
  "displaypagevalidation": false,
  "displayimageonly": false,
  "displaypagechildlinks": false,
  "openinnewwindow": false,
  "robotsfollowlink": true,
  "parentweblinkid": null
}</content>
  <iscustomizable>1</iscustomizable>
  <name>Análise-deleted</name>
  <powerpagecomponenttype>5</powerpagecomponenttype>
  <powerpagesiteid>
    <powerpagesiteid>f7a6e386-2002-ef11-9f89-0022483799ee</powerpagesiteid>
  </powerpagesiteid>
  <statecode>1</statecode>
  <statuscode>2</statuscode>
</powerpagecomponent>