<powerpagecomponent powerpagecomponentid="b01ec5d8-ba03-ef11-9f89-000d3a88596d">
  <content>{
  "displayimageonly": false,
  "displaypagechildlinks": false,
  "disablepagevalidation": false,
  "openinnewwindow": false,
  "robotsfollowlink": true,
  "publishingstateid": "dea5e386-2002-ef11-9f89-0022483799ee",
  "weblinksetid": "a0a5e386-2002-ef11-9f89-0022483799ee",
  "pageid": "597581b4-8b48-966c-6e7f-3532ce6d07ab",
  "displayorder": 2
}</content>
  <iscustomizable>1</iscustomizable>
  <name>Admin</name>
  <powerpagecomponenttype>5</powerpagecomponenttype>
  <powerpagesiteid>
    <powerpagesiteid>f7a6e386-2002-ef11-9f89-0022483799ee</powerpagesiteid>
  </powerpagesiteid>
  <statecode>0</statecode>
  <statuscode>1</statuscode>
</powerpagecomponent>