<powerpagecomponent powerpagecomponentid="ada5e386-2002-ef11-9f89-0022483799ee">
  <content>{"display_name":"Sign In Page","type":756150001,"value":"&lt;script&gt;\r\n    $(document).ready(function () {\r\n        $(\".nav-tabs&gt;li.active&gt;a, .nav-tabs&gt;li.active&gt;a:hover, .nav-tabs&gt;li.active&gt;a:focus\").css({\r\n            \"border\": \"2px solid var(--portalThemeColor1)\",\r\n            \"border-radius\": \"20px\",\r\n            \"font-size\": \"24px\",\r\n            \"font-weight\": \"300\",\r\n            \"color\": \"var(--portalThemeColor1)\"\r\n        });\r\n\r\n        $(\".container .fa\").css({\r\n            \"display\": \"none\"\r\n        });\r\n\r\n        $(\"#content &gt; ul &gt; li:nth-child(2) &gt; a\").css({\r\n            \"color\": \"#8F8F8F\",\r\n            \"font-size\": \"24px\"\r\n        });\r\n\r\n        $(\"#content &gt; ul &gt; li:nth-child(2) &gt; a\").text(\"Sign Up\");\r\n\r\n        $(\"#content &gt; ul &gt; li:nth-child(3) &gt; a\").css({\r\n            \"color\": \"var(--portalThemeColor1)\",\r\n            \"font-size\": \"24px\",\r\n            \"text-decoration\": \"underline\"\r\n        });\r\n\r\n        $(\"#content &gt; ul\").css({\r\n            \"margin-bottom\": \"50px\"\r\n        })\r\n\r\n\r\n        $(\".nav-tabs\").css({\r\n            \"border-bottom\": \"none\"\r\n        });\r\n\r\n        $(\"#local-login-heading &gt; span &gt; span\").text(\"Welcome, please log in to continue.\");\r\n        $(\"#external-login-heading &gt; span &gt; span\").text(\"External Sign In\");\r\n\r\n        $(\".login-heading-section\").css({\r\n            \"border-bottom\": \"none\"\r\n        });\r\n\r\n        $(\"#mainContent &gt; div.row &gt; div:nth-child(1) &gt; form &gt; div &gt; div:nth-child(3)\").css({\r\n            \"display\": \"flex\",\r\n            \"flex-direction\": \"column\"\r\n        });\r\n\r\n        $(\"#mainContent &gt; div.row &gt; div:nth-child(1) &gt; form &gt; div &gt; div:nth-child(3) &gt; label\").css({\r\n            \"margin-left\": \"-83px\",\r\n            \"margin-bottom\": \"10px\",\r\n            \"color\": \"var(--portalThemeColor1)\"\r\n        })\r\n\r\n        $(\"#mainContent &gt; div.row &gt; div:nth-child(1) &gt; form &gt; div &gt; div:nth-child(3) &gt; div\").css({\r\n            \"width\": \"100%\"\r\n        });\r\n\r\n        $(\"#Username\").css({\r\n            \"border\": \"0\",\r\n            \"border-bottom\": \"2px solid #181818\",\r\n            \"-webkit-backface-visibility\": \"d-none\"\r\n        })\r\n\r\n        $(\"#Username\").prop(\"placeholder\", \"Enter your username\")\r\n\r\n        $(\"#Username[placeholder]\").css({\r\n            \"color\": \"#8F8F8F\",\r\n            \"font-size\": \"22px\"\r\n        })\r\n        $(\"#mainContent &gt; div.row &gt; div:nth-child(1) &gt; form &gt; div &gt; div:nth-child(4)\").css({\r\n            \"display\": \"flex\",\r\n            \"flex-direction\": \"column\"\r\n        });\r\n\r\n        $(\"#mainContent &gt; div.row &gt; div:nth-child(1) &gt; form &gt; div &gt; div:nth-child(4) &gt; label\").css({\r\n            \"margin-left\": \"-83px\",\r\n            \"margin-bottom\": \"10px\",\r\n            \"color\": \"var(--portalThemeColor1)\"\r\n        })\r\n\r\n        $(\"#mainContent &gt; div.row &gt; div:nth-child(1) &gt; form &gt; div &gt; div:nth-child(4) &gt; div\").css({\r\n            \"width\": \"100%\"\r\n        });\r\n\r\n        $(\"#PasswordValue\").css({\r\n            \"border\": \"0\",\r\n            \"border-bottom\": \"2px solid #000\",\r\n            \"-webkit-backface-visibility\": \"d-none\"\r\n        });\r\n\r\n        $(\"#PasswordValue\").prop(\"placeholder\", \"Enter your password\")\r\n        $(\"#PasswordValue[placeholder]\").css({\r\n            \"color\": \"#8F8F8F\",\r\n            \"font-size\": \"22px\"\r\n        });\r\n\r\n        $(\"#mainContent &gt; div.row &gt; div:nth-child(1) &gt; form &gt; div &gt; div:nth-child(5) &gt; div &gt; div &gt; label &gt; span &gt; span\").css({\r\n            \"font-size\": \"16px\",\r\n            \"color\": \"var(--portalThemeColor1)\"\r\n        });\r\n\r\n        $(\"#submit-signin-local\").css({\r\n            \"border-radius\": \"20px\",\r\n            \"background-color\": \"var(--portalThemeColor1)\",\r\n            \"color\": \"#fff\",\r\n            \"height\": \"60px\",\r\n            \"width\": \"132px\",\r\n            \"font-size\": \"24px\",\r\n            \"border-color\": \"var(--portalThemeColor1)\"\r\n        });\r\n\r\n        $(\"#mainContent &gt; div.row &gt; div:nth-child(1) &gt; form &gt; div &gt; div:nth-child(6) &gt; div &gt; a\").css({\r\n            \"color\": \"var(--portalThemeColor1)\",\r\n            \"font-size\": \"24px\",\r\n            \"border\": \"none\",\r\n            \"background-color\": \"transparent\",\r\n            \"text-decoration\": \"underline\"\r\n        });\r\n\r\n        $(\"#mainContent &gt; div.row &gt; div:nth-child(1) &gt; form &gt; div &gt; div:nth-child(6) &gt; div\").css({\r\n            \"display\": \"flex\",\r\n            \"justify-content\": \"space-between\",\r\n            \"width\": \"100%\",\r\n            \"margin-left\": \"0\"\r\n        });\r\n\r\n        $(\"#mainContent &gt; div.row &gt; div:nth-child(1) &gt; form &gt; div &gt; div:nth-child(5) &gt; div\").css({\r\n            \"margin-left\": \"0\",\r\n            \"margin-bottom\": \"50px\"\r\n        });\r\n\r\n    });\r\n&lt;/script&gt;"}</content>
  <iscustomizable>1</iscustomizable>
  <name>Account/SignIn/PageCopy</name>
  <powerpagecomponenttype>7</powerpagecomponenttype>
  <powerpagesiteid>
    <powerpagesiteid>f7a6e386-2002-ef11-9f89-0022483799ee</powerpagesiteid>
  </powerpagesiteid>
  <statecode>0</statecode>
  <statuscode>1</statuscode>
</powerpagecomponent>