<powerpagecomponent powerpagecomponentid="a4a5e386-2002-ef11-9f89-0022483799ee">
  <content>{"disablepagevalidation":false,"displayimageonly":false,"displayorder":9,"displaypagechildlinks":false,"openinnewwindow":false,"pageid":"98a5e386-2002-ef11-9f89-0022483799ee","publishingstateid":"dea5e386-2002-ef11-9f89-0022483799ee","robotsfollowlink":true,"weblinksetid":"01a6e386-2002-ef11-9f89-0022483799ee"}</content>
  <iscustomizable>1</iscustomizable>
  <name>Default Permit</name>
  <powerpagecomponenttype>5</powerpagecomponenttype>
  <powerpagesiteid>
    <powerpagesiteid>f7a6e386-2002-ef11-9f89-0022483799ee</powerpagesiteid>
  </powerpagesiteid>
  <statecode>1</statecode>
  <statuscode>2</statuscode>
</powerpagecomponent>