<powerpagecomponent powerpagecomponentid="81a6e386-2002-ef11-9f89-0022483799ee">
  <content>{"adx_entitypermission_webrole":["e2a5e386-2002-ef11-9f89-0022483799ee"],"append":true,"appendto":true,"contactrelationship":"bp_defaultApplication_Contact","create":true,"delete":true,"entitylogicalname":"bp_defaultapplication","entityname":"Default Permit to Contact","read":true,"scope":756150001,"write":true}</content>
  <iscustomizable>1</iscustomizable>
  <name>Default Permit to Contact</name>
  <powerpagecomponenttype>18</powerpagecomponenttype>
  <powerpagesiteid>
    <powerpagesiteid>f7a6e386-2002-ef11-9f89-0022483799ee</powerpagesiteid>
  </powerpagesiteid>
  <statecode>0</statecode>
  <statuscode>1</statuscode>
</powerpagecomponent>