<powerpagecomponent powerpagecomponentid="a1a6e386-2002-ef11-9f89-0022483799ee">
  <content>{"allowmultiplefiles":false,"appendquerystring":false,"associatecurrentportaluser":true,"attachfile":false,"attachfilerequired":false,"attachfilerestrictaccept":false,"autogeneratesteps":false,"captcharequired":false,"createautonumber":false,"editexistingrecordpermitted":false,"entitypermissionsenabled":true,"forceallfieldsrequired":false,"formname":"Applicant Info","geolocation_displaymap":false,"geolocation_enabled":false,"geolocation_maptype":756150000,"hideformonsuccess":true,"loguser":false,"mode":100000000,"movepreviouspermitted":false,"multiplerecordsperuserpermitted":false,"nextstep":"0ba6e386-2002-ef11-9f89-0022483799ee","populatereferenceentitylookupfield":false,"portaluserlookupattributeisactivityparty":false,"recommendedfieldsrequired":false,"redirecturlappendentityidquerystring":false,"referenceentityshowreadonlyform":false,"referenceentitysourcetype":100000001,"referencequerystringisprimarykey":true,"renderwebresourcesinline":false,"setentityreference":false,"showcaptchaforauthenticatedusers":false,"showownerfields":false,"showunsupportedfields":false,"targetentitylogicalname":"bp_defaultapplication","targetentityportaluserlookupattribute":"bp_createdbywebsiteuser","tooltipenabled":false,"type":100000001,"validationsummarylinksenabled":true,"webform":"94a6e386-2002-ef11-9f89-0022483799ee"}</content>
  <iscustomizable>1</iscustomizable>
  <name>Applicant Info</name>
  <powerpagecomponenttype>20</powerpagecomponenttype>
  <powerpagesiteid>
    <powerpagesiteid>f7a6e386-2002-ef11-9f89-0022483799ee</powerpagesiteid>
  </powerpagesiteid>
  <statecode>0</statecode>
  <statuscode>1</statuscode>
</powerpagecomponent>