<powerpagecomponent powerpagecomponentid="94a6e386-2002-ef11-9f89-0022483799ee">
  <content>{"authenticationrequired":false,"editexistingrecordpermitted":true,"multiplerecordsperuserpermitted":true,"progressindicatorenabled":true,"progressindicatorignorelaststep":false,"progressindicatorposition":756150002,"progressindicatorprependstepnum":false,"progressindicatortype":756150000,"savechangeswarningonclose":false,"startnewsessiononload":false,"startstep":"a1a6e386-2002-ef11-9f89-0022483799ee"}</content>
  <iscustomizable>1</iscustomizable>
  <name>Default Permit</name>
  <powerpagecomponenttype>19</powerpagecomponenttype>
  <powerpagesiteid>
    <powerpagesiteid>f7a6e386-2002-ef11-9f89-0022483799ee</powerpagesiteid>
  </powerpagesiteid>
  <statecode>0</statecode>
  <statuscode>1</statuscode>
</powerpagecomponent>