<powerpagecomponent powerpagecomponentid="25411cdd-041d-5d6a-8220-ea009d00658c">
  <content>{
  "filecontent": null,
  "displayorder": 23,
  "customcss": "",
  "customjavascript": "",
  "pagetemplateid": "b5a6e386-2002-ef11-9f89-0022483799ee",
  "parentpageid": "0ea6e386-2002-ef11-9f89-0022483799ee",
  "partialurl": "about",
  "isroot": false,
  "rootwebpageid": "110e6f73-5dfb-53a0-b2dc-ff1a4d831368",
  "title": "Sobre Nós",
  "summary": "&lt;p&gt;This is a sample landing page designed to be a starting point for your website&lt;/p&gt;",
  "copy": "&lt;div id=\"i5p0h\" data-component-theme=\"portalThemeColor1\" class=\"row sectionBlockLayout text-start\" style=\"display: flex; flex-wrap: wrap; margin: 0px; min-height: auto; padding: 8px; background-image: linear-gradient(0deg, rgba(200, 198, 196, 0.48), rgba(200, 198, 196, 0.48));\"&gt;\n  &lt;div id=\"irgpq\" class=\"container\" style=\"display: flex; flex-wrap: wrap;\"&gt;\n    &lt;div id=\"i43gw\" class=\"col-lg-12 columnBlockLayout\" style=\"flex-grow: 1; display: flex; flex-direction: column; min-width: 250px; word-break: break-word; padding: 16px; margin: 60px 0px;\"&gt;&lt;img src=\"/a-vibrant-gym-banner-with-the-phrase-sobre-nos-in--iSDa0VZkQZq6JqwsKZ8aqA-GeaXYrXzQE273p0k6dAMcg.jpeg\" id=\"i1whal\" alt=\"a-vibrant-gym-banner-with-the-phrase-sobre-nos-in--iSDa0VZkQZq6JqwsKZ8aqA-GeaXYrXzQE273p0k6dAMcg\" name=\"a-vibrant-gym-banner-with-the-phrase-sobre-nos-in--iSDa0VZkQZq6JqwsKZ8aqA-GeaXYrXzQE273p0k6dAMcg.jpeg\" style=\"width: 99.36%; height: 505px; max-width: 100%; border: 10px solid #c8c6c4; border-radius: 18px 18px 18px 18px; box-shadow: 0px 0px 16px #143454; margin-left: auto; margin-right: auto;\" /&gt;&lt;/div&gt;\n  &lt;/div&gt;\n&lt;/div&gt;\n&lt;div id=\"iqt4dh\" data-component-theme=\"portalThemeColor1\" class=\"row sectionBlockLayout text-start\" style=\"display: flex; flex-wrap: wrap; margin: 0px; min-height: auto; padding: 8px; background-image: linear-gradient(0deg, rgba(200, 198, 196, 0.48), rgba(200, 198, 196, 0.48));\"&gt;\n  &lt;div id=\"idmiz7\" class=\"container\" style=\"padding: 0px; display: flex; flex-wrap: wrap;\"&gt;\n    &lt;div id=\"icxil\" class=\"col-lg-6 columnBlockLayout\" style=\"flex-grow: 1; display: flex; flex-direction: column; min-width: 250px; word-break: break-word;\"&gt;\n      &lt;p id=\"is9xzv\" style=\"text-align: justify;\"&gt;No Gym Trend, acreditamos que cada jornada é única. É por isso que oferecemos uma variedade de opções para atender a todas as suas necessidades.&lt;br id=\"ip8nl\" /&gt;Desde musculação e treinamento funcional até aulas de ioga e pilates, temos algo para todos. Nossas instalações modernas estão equipadas com equipamentos de última geração para garantir que você tenha a melhor experiência possível. &lt;br id=\"i0p1i\" /&gt;&amp;nbsp;A nossa equipa é formada por profissionais altamente qualificados e apaixonados por fitness. Eles estão prontos para orientar você em cada passo da sua jornada, seja você um iniciante ou um atleta experiente. &lt;br id=\"ijxxj\" /&gt;No Gym Trend, você nunca está sozinho. Além disso, nos orgulhamos de criar um ambiente acolhedor e inclusivo. Aqui, cada membro é tratado como parte da família Gym Trend. &lt;br id=\"ia8if\" /&gt;Oferecemos programas de bem-estar e eventos especiais para ajudar você a se conectar com outras pessoas que compartilham suas metas e interesses.&lt;/p&gt;\n    &lt;/div&gt;\n    &lt;div class=\"col-lg-6 columnBlockLayout\" id=\"irx56l\" style=\"flex-grow: 1; display: flex; flex-direction: column; min-width: 250px; word-break: break-word;\"&gt;&lt;img src=\"/logoBI2.png\" id=\"i906ur\" alt=\"logoBI2\" name=\"logoBI2.png\" style=\"width: 89.53%; height: auto; max-width: 100%; margin-left: auto; margin-right: 0; box-shadow: 0px 0px 27px #143454; border: 0 solid #c8c6c4; border-radius: 100px 100px 100px 100px;\" /&gt;&lt;/div&gt;\n  &lt;/div&gt;\n&lt;/div&gt;\n",
  "publishingstateid": "dea5e386-2002-ef11-9f89-0022483799ee",
  "enablerating": false,
  "enabletracking": false,
  "excludefromsearch": false,
  "hiddenfromsitemap": true,
  "sharedpageconfiguration": false
}</content>
  <iscustomizable>1</iscustomizable>
  <name>Sobre Nós</name>
  <powerpagecomponenttype>2</powerpagecomponenttype>
  <powerpagesiteid>
    <powerpagesiteid>f7a6e386-2002-ef11-9f89-0022483799ee</powerpagesiteid>
  </powerpagesiteid>
  <powerpagesitelanguageid>
    <powerpagesitelanguageid>587fe58c-2002-ef11-9f89-0022483799ee</powerpagesitelanguageid>
  </powerpagesitelanguageid>
  <searchcontent>Sobre Nós&lt;div id="i5p0h" data-component-theme="portalThemeColor1" class="row sectionBlockLayout text-start" style="display: flex; flex-wrap: wrap; margin: 0px; min-height: auto; padding: 8px; background-image: linear-gradient(0deg, rgba(200, 198, 196, 0.48), rgba(200, 198, 196, 0.48));"&gt;
  &lt;div id="irgpq" class="container" style="display: flex; flex-wrap: wrap;"&gt;
    &lt;div id="i43gw" class="col-lg-12 columnBlockLayout" style="flex-grow: 1; display: flex; flex-direction: column; min-width: 250px; word-break: break-word; padding: 16px; margin: 60px 0px;"&gt;&lt;img src="/a-vibrant-gym-banner-with-the-phrase-sobre-nos-in--iSDa0VZkQZq6JqwsKZ8aqA-GeaXYrXzQE273p0k6dAMcg.jpeg" id="i1whal" alt="a-vibrant-gym-banner-with-the-phrase-sobre-nos-in--iSDa0VZkQZq6JqwsKZ8aqA-GeaXYrXzQE273p0k6dAMcg" name="a-vibrant-gym-banner-with-the-phrase-sobre-nos-in--iSDa0VZkQZq6JqwsKZ8aqA-GeaXYrXzQE273p0k6dAMcg.jpeg" style="width: 99.36%; height: 505px; max-width: 100%; border: 10px solid #c8c6c4; border-radius: 18px 18px 18px 18px; box-shadow: 0px 0px 16px #143454; margin-left: auto; margin-right: auto;" /&gt;&lt;/div&gt;
  &lt;/div&gt;
&lt;/div&gt;
&lt;div id="iqt4dh" data-component-theme="portalThemeColor1" class="row sectionBlockLayout text-start" style="display: flex; flex-wrap: wrap; margin: 0px; min-height: auto; padding: 8px; background-image: linear-gradient(0deg, rgba(200, 198, 196, 0.48), rgba(200, 198, 196, 0.48));"&gt;
  &lt;div id="idmiz7" class="container" style="padding: 0px; display: flex; flex-wrap: wrap;"&gt;
    &lt;div id="icxil" class="col-lg-6 columnBlockLayout" style="flex-grow: 1; display: flex; flex-direction: column; min-width: 250px; word-break: break-word;"&gt;
      &lt;p id="is9xzv" style="text-align: justify;"&gt;No Gym Trend, acreditamos que cada jornada é única. É por isso que oferecemos uma variedade de opções para atender a todas as suas necessidades.&lt;br id="ip8nl" /&gt;Desde musculação e treinamento funcional até aulas de ioga e pilates, temos algo para todos. Nossas instalações modernas estão equipadas com equipamentos de última geração para garantir que você tenha a melhor experiência possível. &lt;br id="i0p1i" /&gt;&amp;nbsp;A nossa equipa é formada por profissionais altamente qualificados e apaixonados por fitness. Eles estão prontos para orientar você em cada passo da sua jornada, seja você um iniciante ou um atleta experiente. &lt;br id="ijxxj" /&gt;No Gym Trend, você nunca está sozinho. Além disso, nos orgulhamos de criar um ambiente acolhedor e inclusivo. Aqui, cada membro é tratado como parte da família Gym Trend. &lt;br id="ia8if" /&gt;Oferecemos programas de bem-estar e eventos especiais para ajudar você a se conectar com outras pessoas que compartilham suas metas e interesses.&lt;/p&gt;
    &lt;/div&gt;
    &lt;div class="col-lg-6 columnBlockLayout" id="irx56l" style="flex-grow: 1; display: flex; flex-direction: column; min-width: 250px; word-break: break-word;"&gt;&lt;img src="/logoBI2.png" id="i906ur" alt="logoBI2" name="logoBI2.png" style="width: 89.53%; height: auto; max-width: 100%; margin-left: auto; margin-right: 0; box-shadow: 0px 0px 27px #143454; border: 0 solid #c8c6c4; border-radius: 100px 100px 100px 100px;" /&gt;&lt;/div&gt;
  &lt;/div&gt;
&lt;/div&gt;
Sobre Nós</searchcontent>
  <statecode>0</statecode>
  <statuscode>1</statuscode>
</powerpagecomponent>