<powerpagecomponent powerpagecomponentid="79a6e386-2002-ef11-9f89-0022483799ee">
  <content>{"source":"{%manifest%}\r\n{\r\n  \"type\":\"functional\",\r\n  \"displayName\": \"Permit Summary\",\r\n  \"tables\": [\"bp_permit\", \"bp_permitsteps\"],\r\n  \"params\":[\r\n      {\r\n        \"id\":\"permit_header\",\r\n        \"displayName\":\"Permit introduction text\",\r\n        \"description\":\"Text to introduce the permit\"\r\n      },\r\n      {\r\n        \"id\":\"apply_button_text\",\r\n        \"displayName\":\"Apply button text\",\r\n        \"description\":\"Text to replace the Apply button\"\r\n     }\r\n  ]\r\n}\r\n{%endmanifest%}\r\n\r\n{% fetchxml applicationtype %}\r\n      &lt;fetch version=\"1.0\" output-format=\"xml-platform\" mapping=\"logical\"&gt;\r\n        &lt;entity name=\"bp_permit\"&gt;\r\n          &lt;attribute name=\"bp_name\"/&gt;\r\n          &lt;attribute name=\"bp_description\"/&gt;\r\n          &lt;attribute name=\"bp_permittimeline\"/&gt;\r\n          &lt;attribute name=\"bp_shortname\"/&gt;\r\n          &lt;filter type=\"and\"&gt;\r\n            &lt;condition attribute=\"bp_name\" operator=\"like\" value=\"%{{ request.params.q }}%\"/&gt;\r\n          &lt;/filter&gt;\r\n        &lt;/entity&gt;\r\n      &lt;/fetch&gt;\r\n{% endfetchxml %}\r\n\r\n&lt;script&gt;\r\n  function updateApplication(appName) {\r\n    var queryUrl = '/';\r\n    queryUrl = queryUrl + appName.replaceAll(' ', '-')\r\n    window.location.href = queryUrl\r\n  }\r\n&lt;/script&gt;\r\n\r\n{% if applicationtype.results and applicationtype.results.entities and applicationtype.results.entities.size &gt; 0 %}\r\n{% assign entityCode = applicationtype.results.entities[0].objecttypecode %}\r\n{% endif %}\r\n{% assign applicationTypeResult = applicationtype.results.entities %}\r\n\r\n&lt;div class=\"row sectionBlockLayout text-start\" style=\"display: flex; flex-wrap: wrap; margin: 0px; min-height: auto; padding: 8px;\"&gt;\r\n  &lt;div class=\"container\" style=\"display: flex; flex-wrap: wrap;\"&gt;\r\n    &lt;div class=\"col-lg-12 columnBlockLayout\" style=\"flex-grow: 1; display: flex; flex-direction: column; min-width: 300px; padding: 16px; margin: 60px 0px;\"&gt;\r\n      &lt;h2 style=\"font-weight: bold; margin-bottom: 15px;\"&gt;{{ applicationTypeResult[0].bp_name }} Permit&lt;/h2&gt;\r\n      &lt;h3 class=\"step-card-h1\" style=\"margin-bottom: 40px;\"&gt;{{ permit_header | default: \"Introduction\" }}&lt;/h3&gt;\r\n      &lt;p style=\"margin-bottom: 30px;\"&gt;{{ applicationTypeResult[0].bp_description }}&lt;/p&gt;\r\n      &lt;button onclick=\"updateApplication('{{applicationTypeResult[0].bp_shortname}}')\" class=\"bp-button-dark\"&gt;{{ apply_button_text | default: \"Apply\" }}&lt;/button&gt;\r\n    &lt;/div&gt;\r\n  &lt;/div&gt;\r\n&lt;/div&gt;\r\n\r\n{% fetchxml applicationstep %}\r\n&lt;fetch version=\"1.0\" output-format=\"xml-platform\" mapping=\"logical\"&gt;\r\n    &lt;entity name=\"bp_permitsteps\"&gt;\r\n        &lt;attribute name=\"bp_name\"/&gt;\r\n        &lt;attribute name=\"bp_description\"/&gt;\r\n        &lt;order attribute=\"bp_displayorder\" descending=\"false\"/&gt;\r\n    &lt;/entity&gt;\r\n&lt;/fetch&gt;\r\n{% endfetchxml %}\r\n\r\n{% if applicationstep.results and applicationstep.results.entities and applicationstep.results.entities.size &gt; 0 %}\r\n{% assign entityCode = applicationstep.results.entities[0].objecttypecode %}\r\n\r\n{% endif %}\r\n{% assign applicationStepResult = applicationstep.results.entities %}\r\n\r\n&lt;div class=\"row sectionBlockLayout text-start\" style=\"display: flex; flex-wrap: wrap; margin: 0px; min-height: auto; padding: 8px;\"&gt;\r\n  &lt;div class=\"container\" style=\"display: flex; flex-wrap: wrap;\"&gt;\r\n    &lt;div class=\"col-lg-12 columnBlockLayout\" style=\"flex-grow: 1; display: flex; flex-direction: column; min-width: 300px; padding: 16px; justify-content: center; margin-top: 0\"&gt;\r\n      &lt;h3 class=\"step-card-h1\"&gt;Sections&lt;/h3&gt;\r\n      &lt;p&gt;Average Processing Time: {{ applicationTypeResult[0].bp_permittimeline }} &lt;/p&gt;\r\n      &lt;div class=\"permit-step-card-container\"&gt;\r\n      {% for application in applicationStepResult %}\r\n        &lt;div class=\"step-card\"&gt;\r\n          &lt;div class=\"step-card-info\"&gt;\r\n          {% unless application.bp_name == empty %}\r\n            &lt;h4 class=\"step-card-h1\"&gt;{{application.bp_name}}&lt;/h4&gt;\r\n          {% endunless %}\r\n          {% unless application.bp_description == empty %}\r\n            &lt;p class=\"step-card-p\"&gt;{{application.bp_description}}&lt;/p&gt;\r\n          {% endunless %}\r\n          &lt;/div&gt;\r\n        &lt;/div&gt;\r\n      {% endfor %}\r\n      &lt;/div&gt;\r\n    &lt;/div&gt;\r\n  &lt;/div&gt;\r\n&lt;/div&gt;\r\n"}</content>
  <iscustomizable>1</iscustomizable>
  <name>Permit Summary</name>
  <powerpagecomponenttype>8</powerpagecomponenttype>
  <powerpagesiteid>
    <powerpagesiteid>f7a6e386-2002-ef11-9f89-0022483799ee</powerpagesiteid>
  </powerpagesiteid>
  <statecode>0</statecode>
  <statuscode>1</statuscode>
</powerpagecomponent>