<powerpagecomponent powerpagecomponentid="91a6e386-2002-ef11-9f89-0022483799ee">
  <content>{"contentdisposition":756150000,"enabletracking":false,"excludefromsearch":false,"hiddenfromsitemap":false,"parentpageid":"0ea6e386-2002-ef11-9f89-0022483799ee","partialurl":"Picture1.png","publishingstateid":"dea5e386-2002-ef11-9f89-0022483799ee"}</content>
  <filecontent mimetype="application/octet-stream">Picture1.png</filecontent>
  <iscustomizable>1</iscustomizable>
  <name>Picture1.png</name>
  <powerpagecomponenttype>3</powerpagecomponenttype>
  <powerpagesiteid>
    <powerpagesiteid>f7a6e386-2002-ef11-9f89-0022483799ee</powerpagesiteid>
  </powerpagesiteid>
  <statecode>0</statecode>
  <statuscode>1</statuscode>
</powerpagecomponent>