<powerpagecomponent powerpagecomponentid="a8a6e386-2002-ef11-9f89-0022483799ee">
  <content>{
  "filecontent": null,
  "disablepagevalidation": false,
  "displayimageonly": false,
  "displayorder": 11,
  "displaypagechildlinks": false,
  "openinnewwindow": false,
  "pageid": "5aa6e386-2002-ef11-9f89-0022483799ee",
  "publishingstateid": "dea5e386-2002-ef11-9f89-0022483799ee",
  "robotsfollowlink": true,
  "weblinksetid": "01a6e386-2002-ef11-9f89-0022483799ee",
  "parentweblinkid": null
}</content>
  <iscustomizable>1</iscustomizable>
  <name>[Admin] Homepage</name>
  <powerpagecomponenttype>5</powerpagecomponenttype>
  <powerpagesiteid>
    <powerpagesiteid>f7a6e386-2002-ef11-9f89-0022483799ee</powerpagesiteid>
  </powerpagesiteid>
  <statecode>0</statecode>
  <statuscode>1</statuscode>
</powerpagecomponent>