<powerpagecomponent powerpagecomponentid="b2a6e386-2002-ef11-9f89-0022483799ee">
  <content>{"adx_webpageaccesscontrolrule_webrole":["52a6e386-2002-ef11-9f89-0022483799ee"],"right":2,"scope":1,"webpageid":"5aa6e386-2002-ef11-9f89-0022483799ee"}</content>
  <iscustomizable>1</iscustomizable>
  <name>[Building Permit] Admin Home</name>
  <powerpagecomponenttype>10</powerpagecomponenttype>
  <powerpagesiteid>
    <powerpagesiteid>f7a6e386-2002-ef11-9f89-0022483799ee</powerpagesiteid>
  </powerpagesiteid>
  <statecode>0</statecode>
  <statuscode>1</statuscode>
</powerpagecomponent>