<powerpagecomponent powerpagecomponentid="d9a6e386-2002-ef11-9f89-0022483799ee">
  <content>{"adddescription":false,"attributelogicalname":"bp_initials","description":"[{\"LCID\":1033,\"Value\":\"\"}]","descriptionposition":100000000,"fieldisrequired":true,"ignoredefaultvalue":false,"label":"[{\"LCID\":1033,\"Value\":\"Initials\"}]","purchasecreateinvoiceonpayment":false,"purchasefulfillorderonpayment":false,"purchaserequiresshipping":false,"randomizeoptionsetvalues":false,"requiredfieldvalidationerrormessage":"[{\"LCID\":1033,\"Value\":\"\"}]","setvalueonsave":false,"type":100000000,"useattributedescriptionproperty":false,"validationregularexpressionerrormessage":"[{\"LCID\":1033,\"Value\":\"\"}]","webformstep":"42a6e386-2002-ef11-9f89-0022483799ee"}</content>
  <iscustomizable>1</iscustomizable>
  <name>Acknowledgement bp_initials</name>
  <powerpagecomponenttype>21</powerpagecomponenttype>
  <powerpagesiteid>
    <powerpagesiteid>f7a6e386-2002-ef11-9f89-0022483799ee</powerpagesiteid>
  </powerpagesiteid>
  <statecode>0</statecode>
  <statuscode>1</statuscode>
</powerpagecomponent>