<powerpagecomponent powerpagecomponentid="3049d7c3-a768-c88a-935d-c91f4eb35860">
  <content>{
  "displayorder": 19,
  "customcss": "",
  "customjavascript": "",
  "pagetemplateid": "b5a6e386-2002-ef11-9f89-0022483799ee",
  "parentpageid": "0ea6e386-2002-ef11-9f89-0022483799ee",
  "partialurl": "Cycling",
  "isroot": false,
  "rootwebpageid": "2ba06318-85da-8c3f-b0ea-f407aebf6736",
  "title": "Yoga (1)",
  "summary": "&lt;p&gt;This is a sample landing page designed to be a starting point for your website&lt;/p&gt;",
  "copy": "&lt;div id=\"ihgsh\" data-component-theme=\"portalThemeColor1\" class=\"row sectionBlockLayout text-start\" style=\"display: flex; flex-wrap: wrap; margin: 0px; min-height: auto; padding: 8px; background-image: linear-gradient(0deg, rgba(200, 198, 196, 0.48), rgba(200, 198, 196, 0.48));\"&gt;\n  &lt;div id=\"ic1wj\" class=\"container\" style=\"display: flex; flex-wrap: wrap;\"&gt;\n    &lt;div id=\"ifk0m\" class=\"col-lg-12 columnBlockLayout\" style=\"flex-grow: 1; display: flex; flex-direction: column; min-width: 250px; word-break: break-word; padding: 16px; margin: 60px 0px;\"&gt;\n      &lt;h1 id=\"ioi35i\" style=\"text-align: center; color: var(--portalThemeColor4);\"&gt;\n        ​&lt;u id=\"it52mz\"&gt;&lt;b id=\"i9785u\" aria-label=\"Text Yoga Press enter to edit\" style=\"position: relative;\"&gt;Cycling&lt;/b&gt;&lt;/u&gt;\n      &lt;/h1&gt;\n    &lt;/div&gt;\n  &lt;/div&gt;\n&lt;/div&gt;\n&lt;div id=\"ijgnhp\" data-component-theme=\"portalThemeColor1\" class=\"row sectionBlockLayout text-start\" style=\"display: flex; flex-wrap: wrap; margin: 0px; min-height: auto; padding: 8px; background-image: linear-gradient(0deg, rgba(200, 198, 196, 0.48), rgba(200, 198, 196, 0.48));\"&gt;\n  &lt;div id=\"iu0k4v\" class=\"container\" style=\"padding: 0px; display: flex; flex-wrap: wrap;\"&gt;\n    &lt;div id=\"ij4r5\" class=\"col-lg-6 columnBlockLayout\" style=\"flex-grow: 1; display: flex; flex-direction: column; min-width: 250px; word-break: break-word;\"&gt;\n      &lt;p id=\"ifw7jg\" style=\"color: var(--portalThemeColor5); text-align: justify;\"&gt;O cycling é uma modalidade de treino que combina intensidade e energia, usando bicicletas estacionárias para simular um percurso de ciclismo. As aulas de cycling, muitas vezes chamadas de \"spinning\", são realizadas em grupo, com trilhas sonoras animadas e instrutores motivadores para guiar o ritmo do treino.&lt;br id=\"ic9cu\" /&gt;Este tipo de treino cardiovascular é conhecido por queimar calorias, melhorar a resistência e fortalecer as pernas e o core.&amp;nbsp;&lt;/p&gt;\n    &lt;/div&gt;\n    &lt;div id=\"imp3n\" class=\"col-lg-6 columnBlockLayout\" style=\"flex-grow: 1; display: flex; flex-direction: column; min-width: 250px; word-break: break-word;\"&gt;&lt;img src=\"/shutterstock1028301883web.jpg\" id=\"iuxhnx\" alt=\"shutterstock_1028301883web\" name=\"shutterstock_1028301883web.jpg\" style=\"width: 100%; height: auto; max-width: 100%;\" /&gt;&lt;/div&gt;\n  &lt;/div&gt;\n&lt;/div&gt;\n",
  "publishingstateid": "dea5e386-2002-ef11-9f89-0022483799ee",
  "enablerating": false,
  "enabletracking": false,
  "excludefromsearch": false,
  "hiddenfromsitemap": true,
  "sharedpageconfiguration": false
}</content>
  <iscustomizable>1</iscustomizable>
  <name>Cycling</name>
  <powerpagecomponenttype>2</powerpagecomponenttype>
  <powerpagesiteid>
    <powerpagesiteid>f7a6e386-2002-ef11-9f89-0022483799ee</powerpagesiteid>
  </powerpagesiteid>
  <powerpagesitelanguageid>
    <powerpagesitelanguageid>587fe58c-2002-ef11-9f89-0022483799ee</powerpagesitelanguageid>
  </powerpagesitelanguageid>
  <searchcontent>Yoga (1)&lt;div id="ihgsh" data-component-theme="portalThemeColor1" class="row sectionBlockLayout text-start" style="display: flex; flex-wrap: wrap; margin: 0px; min-height: auto; padding: 8px; background-image: linear-gradient(0deg, rgba(200, 198, 196, 0.48), rgba(200, 198, 196, 0.48));"&gt;
  &lt;div id="ic1wj" class="container" style="display: flex; flex-wrap: wrap;"&gt;
    &lt;div id="ifk0m" class="col-lg-12 columnBlockLayout" style="flex-grow: 1; display: flex; flex-direction: column; min-width: 250px; word-break: break-word; padding: 16px; margin: 60px 0px;"&gt;
      &lt;h1 id="ioi35i" style="text-align: center; color: var(--portalThemeColor4);"&gt;
        ​&lt;u id="it52mz"&gt;&lt;b id="i9785u" aria-label="Text Yoga Press enter to edit" style="position: relative;"&gt;Cycling&lt;/b&gt;&lt;/u&gt;
      &lt;/h1&gt;
    &lt;/div&gt;
  &lt;/div&gt;
&lt;/div&gt;
&lt;div id="ijgnhp" data-component-theme="portalThemeColor1" class="row sectionBlockLayout text-start" style="display: flex; flex-wrap: wrap; margin: 0px; min-height: auto; padding: 8px; background-image: linear-gradient(0deg, rgba(200, 198, 196, 0.48), rgba(200, 198, 196, 0.48));"&gt;
  &lt;div id="iu0k4v" class="container" style="padding: 0px; display: flex; flex-wrap: wrap;"&gt;
    &lt;div id="ij4r5" class="col-lg-6 columnBlockLayout" style="flex-grow: 1; display: flex; flex-direction: column; min-width: 250px; word-break: break-word;"&gt;
      &lt;p id="ifw7jg" style="color: var(--portalThemeColor5); text-align: justify;"&gt;O cycling é uma modalidade de treino que combina intensidade e energia, usando bicicletas estacionárias para simular um percurso de ciclismo. As aulas de cycling, muitas vezes chamadas de "spinning", são realizadas em grupo, com trilhas sonoras animadas e instrutores motivadores para guiar o ritmo do treino.&lt;br id="ic9cu" /&gt;Este tipo de treino cardiovascular é conhecido por queimar calorias, melhorar a resistência e fortalecer as pernas e o core.&amp;nbsp;&lt;/p&gt;
    &lt;/div&gt;
    &lt;div id="imp3n" class="col-lg-6 columnBlockLayout" style="flex-grow: 1; display: flex; flex-direction: column; min-width: 250px; word-break: break-word;"&gt;&lt;img src="/shutterstock1028301883web.jpg" id="iuxhnx" alt="shutterstock_1028301883web" name="shutterstock_1028301883web.jpg" style="width: 100%; height: auto; max-width: 100%;" /&gt;&lt;/div&gt;
  &lt;/div&gt;
&lt;/div&gt;
Cycling</searchcontent>
  <statecode>0</statecode>
  <statuscode>1</statuscode>
</powerpagecomponent>