<powerpagecomponent powerpagecomponentid="73a6e386-2002-ef11-9f89-0022483799ee">
  <content>{"status":"enable","selectedThemeId":"9fbe5118-b883-48b5-81d6-09a78fedb035","siteSettingId":"73a6e386-2002-ef11-9f89-0022483799ee","version":"V2"}</content>
  <iscustomizable>1</iscustomizable>
  <name>ThemeFeature</name>
  <powerpagecomponenttype>9</powerpagecomponenttype>
  <powerpagesiteid>
    <powerpagesiteid>f7a6e386-2002-ef11-9f89-0022483799ee</powerpagesiteid>
  </powerpagesiteid>
  <statecode>0</statecode>
  <statuscode>1</statuscode>
</powerpagecomponent>