<powerpagecomponent powerpagecomponentid="b1c95afe-3dc7-4942-8ab6-bcc0a4aa9ea7">
  <content>{"createdOn":"2024-04-24T15:02:15.432Z","parentpageid":"0ea6e386-2002-ef11-9f89-0022483799ee","publishingstateid":"dea5e386-2002-ef11-9f89-0022483799ee","partialurl":"create-a-gym-banner-saying-noticias-no-mundo-do-fi-SvDMKvtTS5iqZGbchOxb1Q-hNGnhHJlTyCA8WwRyj0KOA.jpeg","title":"","summary":"","enabletracking":false,"excludefromsearch":false,"hiddenfromsitemap":false}</content>
  <filecontent mimetype="image/jpeg">create-a-gym-banner-saying-noticias-no-mundo-do-fi-SvDMKvtTS5iqZGbchOxb1Q-hNGnhHJlTyCA8WwRyj0KOA.jpeg</filecontent>
  <iscustomizable>1</iscustomizable>
  <name>create-a-gym-banner-saying-noticias-no-mundo-do-fi-SvDMKvtTS5iqZGbchOxb1Q-hNGnhHJlTyCA8WwRyj0KOA.jpeg</name>
  <powerpagecomponenttype>3</powerpagecomponenttype>
  <powerpagesiteid>
    <powerpagesiteid>f7a6e386-2002-ef11-9f89-0022483799ee</powerpagesiteid>
  </powerpagesiteid>
  <statecode>0</statecode>
  <statuscode>1</statuscode>
</powerpagecomponent>