<powerpagecomponent powerpagecomponentid="d043d31a-ddae-2a45-de4c-343b63adc920">
  <content>{
  "displayorder": 20,
  "customcss": "",
  "customjavascript": "",
  "pagetemplateid": "b5a6e386-2002-ef11-9f89-0022483799ee",
  "parentpageid": "0ea6e386-2002-ef11-9f89-0022483799ee",
  "partialurl": "Ginásio---Setubal",
  "isroot": true,
  "title": "Ginásio - Gondomar (1)",
  "summary": "&lt;p&gt;This is a sample landing page designed to be a starting point for your website&lt;/p&gt;",
  "copy": "",
  "publishingstateid": "dea5e386-2002-ef11-9f89-0022483799ee",
  "enablerating": false,
  "enabletracking": false,
  "excludefromsearch": false,
  "hiddenfromsitemap": true,
  "sharedpageconfiguration": false
}</content>
  <iscustomizable>1</iscustomizable>
  <name>Ginásio - Setúbal</name>
  <powerpagecomponenttype>2</powerpagecomponenttype>
  <powerpagesiteid>
    <powerpagesiteid>f7a6e386-2002-ef11-9f89-0022483799ee</powerpagesiteid>
  </powerpagesiteid>
  <searchcontent>Ginásio - Gondomar (1)Ginásio - Setúbal</searchcontent>
  <statecode>0</statecode>
  <statuscode>1</statuscode>
</powerpagecomponent>