<powerpagecomponent powerpagecomponentid="281d2a78-f5b0-1df9-00af-53a4c81d2902">
  <content>{
  "filecontent": null,
  "displayorder": 22,
  "customcss": "",
  "customjavascript": "",
  "pagetemplateid": "b5a6e386-2002-ef11-9f89-0022483799ee",
  "parentpageid": "0ea6e386-2002-ef11-9f89-0022483799ee",
  "partialurl": "Ginásio---Espinho",
  "isroot": false,
  "rootwebpageid": "63642704-4e89-9b72-9aca-2839e188c075",
  "title": "Ginásio - Matosinhos (1)",
  "summary": "&lt;p&gt;This is a sample landing page designed to be a starting point for your website&lt;/p&gt;",
  "copy": "&lt;div id=\"i69ei\" data-component-theme=\"portalThemeColor1\" class=\"row sectionBlockLayout text-start\" style=\"display: flex; flex-wrap: wrap; margin: 0px; min-height: auto; padding: 8px; background-image: linear-gradient(0deg, rgba(200, 198, 196, 0.48), rgba(200, 198, 196, 0.48));\"&gt;\n  &lt;div id=\"ihfvx\" class=\"container\" style=\"display: flex; flex-wrap: wrap;\"&gt;\n    &lt;div id=\"i9sxh\" class=\"col-lg-12 columnBlockLayout\" style=\"flex-grow: 1; display: flex; flex-direction: column; min-width: 250px; word-break: break-word; padding: 16px; margin: 60px 0px;\"&gt;&lt;h1 id=\"i5tmzl\" style=\"text-align: center; color: var(--portalThemeColor4);\"&gt;ESPINHO&lt;/h1&gt;&lt;/div&gt;\n  &lt;/div&gt;\n&lt;/div&gt;\n&lt;div id=\"ifjkg5\" data-component-theme=\"portalThemeColor1\" class=\"row sectionBlockLayout text-start\" style=\"display: flex; flex-wrap: wrap; margin: 0px; min-height: auto; padding: 8px; background-image: linear-gradient(0deg, rgba(200, 198, 196, 0.48), rgba(200, 198, 196, 0.48));\"&gt;\n  &lt;div id=\"i8wsjb\" class=\"container\" style=\"padding: 0px; display: flex; flex-wrap: wrap;\"&gt;\n    &lt;div id=\"ixyhs7\" class=\"col-lg-6 columnBlockLayout\" style=\"flex-grow: 1; display: flex; flex-direction: column; min-width: 250px; word-break: break-word;\"&gt;\n      &lt;p id=\"iqgvqw\" style=\"text-align: center; color: var(--portalThemeColor4);\"&gt;​&lt;br id=\"ilnio\" /&gt;&lt;br id=\"ivkxb\" /&gt;&lt;b id=\"iajxy\" aria-label=\"Text HORÁRIOS Press enter to edit\" style=\"position: relative;\"&gt;HORÁRIOS&lt;/b&gt;&lt;br id=\"ijssk\" /&gt;&lt;br id=\"iawh5\" /&gt;Segunda a Sexta:&lt;br id=\"i8dcmz\" /&gt;7h às 23h&lt;br id=\"ir32ln\" /&gt;&lt;br id=\"i4ox7i\" /&gt;Sábado e Domingo:&lt;br id=\"iyykai\" /&gt;&lt;br id=\"ieuek3\" /&gt;8h às 17h&lt;br id=\"i18eyj\" /&gt;&lt;br id=\"i9exjz\" /&gt;&lt;br id=\"icmj0g\" /&gt;&lt;/p&gt;\n    &lt;/div&gt;\n    &lt;div id=\"i0yo9w\" class=\"col-lg-6 columnBlockLayout\" style=\"flex-grow: 1; display: flex; flex-direction: column; min-width: 250px; word-break: break-word;\"&gt;&lt;iframe frameborder=\"0\" allowfullscreen=\"allowfullscreen\" src=\"https://www.youtube.com/embed/xQMq5tNw27s\" controls=\"controls\" id=\"iwio3f\" data-componentname=\"Video\" style=\"max-width: 100%; width: 100%; height: 450px;\"&gt; &lt;/iframe&gt;&lt;/div&gt;\n  &lt;/div&gt;\n&lt;/div&gt;\n&lt;div id=\"irfoxk\" data-component-theme=\"portalThemeColor1\" class=\"row sectionBlockLayout text-start\" style=\"display: flex; flex-wrap: wrap; margin: 0px; min-height: auto; padding: 8px; background-image: linear-gradient(0deg, rgba(200, 198, 196, 0.48), rgba(200, 198, 196, 0.48));\"&gt;\n  &lt;div id=\"inbn5b\" class=\"container\" style=\"padding: 0px; display: flex; flex-wrap: wrap;\"&gt;\n    &lt;div id=\"iz805f\" class=\"col-lg-12 columnBlockLayout\" style=\"flex-grow: 1; display: flex; flex-direction: column; min-width: 250px; word-break: break-word;\"&gt;\n      &lt;h1 id=\"iynh11\" style=\"text-align: center; color: var(--portalThemeColor4);\"&gt;​&lt;u id=\"ijf1gl\" aria-label=\"Text Modalidades Press enter to edit\" style=\"position: relative;\"&gt;Modalidades&lt;/u&gt;&lt;/h1&gt;\n    &lt;/div&gt;\n  &lt;/div&gt;\n&lt;/div&gt;\n&lt;div id=\"i2z0ef\" data-component-theme=\"portalThemeColor1\" class=\"row sectionBlockLayout text-start\" style=\"display: flex; flex-wrap: wrap; margin: 0px; min-height: auto; padding: 7px; background-image: linear-gradient(0deg, rgba(200, 198, 196, 0.48), rgba(200, 198, 196, 0.48));\"&gt;\n  &lt;div id=\"i6j9cj\" class=\"container\" style=\"padding: 0px; display: flex; flex-wrap: wrap; column-gap: 0px;\"&gt;\n    &lt;div id=\"i06l9l\" class=\"col-lg-4 columnBlockLayout\" style=\"flex-grow: 1; display: flex; flex-direction: column; min-width: 250px; word-break: break-word; margin: 60px 0px; padding: 10px; width: calc(33.3333% + 0px);\"&gt;&lt;button onclick=\"window.location.href='/Musculação/'\" type=\"button\" value=\"Musculação\" id=\"izvimh\" class=\"button1\" style=\"margin-left: auto; margin-right: auto;\"&gt;Musculação&lt;/button&gt;&lt;/div&gt;\n    &lt;div id=\"ir6toy\" class=\"col-lg-4 columnBlockLayout\" style=\"flex-grow: 1; display: flex; flex-direction: column; min-width: 250px; word-break: break-word; margin: 60px 0px; padding: 10px; width: calc(33.3333% + 0px);\"&gt;&lt;button onclick=\"window.location.href='/Yoga/'\" type=\"button\" value=\"Yoga\" id=\"ilu59f\" class=\"button1\" style=\"margin-left: auto; margin-right: auto;\"&gt;Yoga&lt;/button&gt;&lt;/div&gt;\n    &lt;div id=\"i4oeya\" class=\"col-lg-4 columnBlockLayout\" style=\"flex-grow: 1; display: flex; flex-direction: column; min-width: 250px; word-break: break-word; margin: 60px 0px; padding: 10px; width: calc(33.3333% + 0px);\"&gt;&lt;button onclick=\"window.location.href='/Cycling/'\" type=\"button\" value=\"Cycling\" id=\"iqxijc\" class=\"button1\" style=\"margin-left: auto; margin-right: auto;\"&gt;Cycling&lt;/button&gt;&lt;/div&gt;\n  &lt;/div&gt;\n&lt;/div&gt;\n",
  "publishingstateid": "dea5e386-2002-ef11-9f89-0022483799ee",
  "enablerating": false,
  "enabletracking": false,
  "excludefromsearch": false,
  "hiddenfromsitemap": true,
  "sharedpageconfiguration": false
}</content>
  <iscustomizable>1</iscustomizable>
  <name>Ginásio - Espinho</name>
  <powerpagecomponenttype>2</powerpagecomponenttype>
  <powerpagesiteid>
    <powerpagesiteid>f7a6e386-2002-ef11-9f89-0022483799ee</powerpagesiteid>
  </powerpagesiteid>
  <powerpagesitelanguageid>
    <powerpagesitelanguageid>587fe58c-2002-ef11-9f89-0022483799ee</powerpagesitelanguageid>
  </powerpagesitelanguageid>
  <searchcontent>Ginásio - Matosinhos (1)&lt;div id="i69ei" data-component-theme="portalThemeColor1" class="row sectionBlockLayout text-start" style="display: flex; flex-wrap: wrap; margin: 0px; min-height: auto; padding: 8px; background-image: linear-gradient(0deg, rgba(200, 198, 196, 0.48), rgba(200, 198, 196, 0.48));"&gt;
  &lt;div id="ihfvx" class="container" style="display: flex; flex-wrap: wrap;"&gt;
    &lt;div id="i9sxh" class="col-lg-12 columnBlockLayout" style="flex-grow: 1; display: flex; flex-direction: column; min-width: 250px; word-break: break-word; padding: 16px; margin: 60px 0px;"&gt;&lt;h1 id="i5tmzl" style="text-align: center; color: var(--portalThemeColor4);"&gt;ESPINHO&lt;/h1&gt;&lt;/div&gt;
  &lt;/div&gt;
&lt;/div&gt;
&lt;div id="ifjkg5" data-component-theme="portalThemeColor1" class="row sectionBlockLayout text-start" style="display: flex; flex-wrap: wrap; margin: 0px; min-height: auto; padding: 8px; background-image: linear-gradient(0deg, rgba(200, 198, 196, 0.48), rgba(200, 198, 196, 0.48));"&gt;
  &lt;div id="i8wsjb" class="container" style="padding: 0px; display: flex; flex-wrap: wrap;"&gt;
    &lt;div id="ixyhs7" class="col-lg-6 columnBlockLayout" style="flex-grow: 1; display: flex; flex-direction: column; min-width: 250px; word-break: break-word;"&gt;
      &lt;p id="iqgvqw" style="text-align: center; color: var(--portalThemeColor4);"&gt;​&lt;br id="ilnio" /&gt;&lt;br id="ivkxb" /&gt;&lt;b id="iajxy" aria-label="Text HORÁRIOS Press enter to edit" style="position: relative;"&gt;HORÁRIOS&lt;/b&gt;&lt;br id="ijssk" /&gt;&lt;br id="iawh5" /&gt;Segunda a Sexta:&lt;br id="i8dcmz" /&gt;7h às 23h&lt;br id="ir32ln" /&gt;&lt;br id="i4ox7i" /&gt;Sábado e Domingo:&lt;br id="iyykai" /&gt;&lt;br id="ieuek3" /&gt;8h às 17h&lt;br id="i18eyj" /&gt;&lt;br id="i9exjz" /&gt;&lt;br id="icmj0g" /&gt;&lt;/p&gt;
    &lt;/div&gt;
    &lt;div id="i0yo9w" class="col-lg-6 columnBlockLayout" style="flex-grow: 1; display: flex; flex-direction: column; min-width: 250px; word-break: break-word;"&gt;&lt;iframe frameborder="0" allowfullscreen="allowfullscreen" src="https://www.youtube.com/embed/xQMq5tNw27s" controls="controls" id="iwio3f" data-componentname="Video" style="max-width: 100%; width: 100%; height: 450px;"&gt; &lt;/iframe&gt;&lt;/div&gt;
  &lt;/div&gt;
&lt;/div&gt;
&lt;div id="irfoxk" data-component-theme="portalThemeColor1" class="row sectionBlockLayout text-start" style="display: flex; flex-wrap: wrap; margin: 0px; min-height: auto; padding: 8px; background-image: linear-gradient(0deg, rgba(200, 198, 196, 0.48), rgba(200, 198, 196, 0.48));"&gt;
  &lt;div id="inbn5b" class="container" style="padding: 0px; display: flex; flex-wrap: wrap;"&gt;
    &lt;div id="iz805f" class="col-lg-12 columnBlockLayout" style="flex-grow: 1; display: flex; flex-direction: column; min-width: 250px; word-break: break-word;"&gt;
      &lt;h1 id="iynh11" style="text-align: center; color: var(--portalThemeColor4);"&gt;​&lt;u id="ijf1gl" aria-label="Text Modalidades Press enter to edit" style="position: relative;"&gt;Modalidades&lt;/u&gt;&lt;/h1&gt;
    &lt;/div&gt;
  &lt;/div&gt;
&lt;/div&gt;
&lt;div id="i2z0ef" data-component-theme="portalThemeColor1" class="row sectionBlockLayout text-start" style="display: flex; flex-wrap: wrap; margin: 0px; min-height: auto; padding: 7px; background-image: linear-gradient(0deg, rgba(200, 198, 196, 0.48), rgba(200, 198, 196, 0.48));"&gt;
  &lt;div id="i6j9cj" class="container" style="padding: 0px; display: flex; flex-wrap: wrap; column-gap: 0px;"&gt;
    &lt;div id="i06l9l" class="col-lg-4 columnBlockLayout" style="flex-grow: 1; display: flex; flex-direction: column; min-width: 250px; word-break: break-word; margin: 60px 0px; padding: 10px; width: calc(33.3333% + 0px);"&gt;&lt;button onclick="window.location.href='/Musculação/'" type="button" value="Musculação" id="izvimh" class="button1" style="margin-left: auto; margin-right: auto;"&gt;Musculação&lt;/button&gt;&lt;/div&gt;
    &lt;div id="ir6toy" class="col-lg-4 columnBlockLayout" style="flex-grow: 1; display: flex; flex-direction: column; min-width: 250px; word-break: break-word; margin: 60px 0px; padding: 10px; width: calc(33.3333% + 0px);"&gt;&lt;button onclick="window.location.href='/Yoga/'" type="button" value="Yoga" id="ilu59f" class="button1" style="margin-left: auto; margin-right: auto;"&gt;Yoga&lt;/button&gt;&lt;/div&gt;
    &lt;div id="i4oeya" class="col-lg-4 columnBlockLayout" style="flex-grow: 1; display: flex; flex-direction: column; min-width: 250px; word-break: break-word; margin: 60px 0px; padding: 10px; width: calc(33.3333% + 0px);"&gt;&lt;button onclick="window.location.href='/Cycling/'" type="button" value="Cycling" id="iqxijc" class="button1" style="margin-left: auto; margin-right: auto;"&gt;Cycling&lt;/button&gt;&lt;/div&gt;
  &lt;/div&gt;
&lt;/div&gt;
Ginásio - Espinho</searchcontent>
  <statecode>0</statecode>
  <statuscode>1</statuscode>
</powerpagecomponent>