<powerpagecomponent powerpagecomponentid="c7323f2d-5a6c-4d40-a5ac-ea1e7de9d6d3">
  <content>{"createdOn":"2024-04-24T10:34:02.139Z","parentpageid":"0ea6e386-2002-ef11-9f89-0022483799ee","publishingstateid":"dea5e386-2002-ef11-9f89-0022483799ee","partialurl":"Screenshot1.png","title":"","summary":"","enabletracking":false,"excludefromsearch":false,"hiddenfromsitemap":false}</content>
  <filecontent mimetype="image/png">Screenshot_1.png</filecontent>
  <iscustomizable>1</iscustomizable>
  <name>Screenshot_1.png</name>
  <powerpagecomponenttype>3</powerpagecomponenttype>
  <powerpagesiteid>
    <powerpagesiteid>f7a6e386-2002-ef11-9f89-0022483799ee</powerpagesiteid>
  </powerpagesiteid>
  <statecode>0</statecode>
  <statuscode>1</statuscode>
</powerpagecomponent>