<powerpagecomponent powerpagecomponentid="28a6e386-2002-ef11-9f89-0022483799ee">
  <content>{"source":"{% fetchxml submittedpermits %}\r\n&lt;fetch version=\"1.0\" output-format=\"xml-platform\" mapping=\"logical\"&gt;\r\n    &lt;entity name=\"bp_defaultapplication\"&gt;\r\n        &lt;attribute name=\"bp_defaultapplicationid\"/&gt;\r\n        &lt;attribute name=\"bp_permitstatus\"/&gt;\r\n        &lt;filter type=\"and\"&gt;\r\n            &lt;condition attribute=\"bp_permitstatus\" operator=\"eq\" value=\"121260000\"/&gt;\r\n            &lt;condition attribute=\"statecode\" operator=\"eq\" value=\"0\"/&gt;\r\n        &lt;/filter&gt;\r\n    &lt;/entity&gt;\r\n&lt;/fetch&gt;\r\n{% endfetchxml %}\r\n{% if submittedpermits %}\r\n{% assign submittedCount = submittedpermits.results.entities.size %}\r\n{% else assign submittedCount = \"0\" %}\r\n{% endif %}\r\n\r\n{% fetchxml underreviewpermits %}\r\n&lt;fetch version=\"1.0\" output-format=\"xml-platform\" mapping=\"logical\"&gt;\r\n    &lt;entity name=\"bp_defaultapplication\"&gt;\r\n        &lt;attribute name=\"bp_defaultapplicationid\"/&gt;\r\n        &lt;attribute name=\"bp_permitstatus\"/&gt;\r\n        &lt;filter type=\"and\"&gt;\r\n            &lt;condition attribute=\"bp_permitstatus\" operator=\"eq\" value=\"121260003\"/&gt;\r\n            &lt;condition attribute=\"statecode\" operator=\"eq\" value=\"0\"/&gt;\r\n        &lt;/filter&gt;\r\n    &lt;/entity&gt;\r\n&lt;/fetch&gt;\r\n{% endfetchxml %}\r\n{% if underreviewpermits %}\r\n{% assign underReviewCount = underreviewpermits.results.entities.size %}\r\n{% else assign underReviewCount = \"0\" %}\r\n{% endif %}\r\n\r\n{% fetchxml finalizedpermits %}\r\n&lt;fetch version=\"1.0\" output-format=\"xml-platform\" mapping=\"logical\"&gt;\r\n    &lt;entity name=\"bp_defaultapplication\"&gt;\r\n        &lt;attribute name=\"bp_defaultapplicationid\"/&gt;\r\n        &lt;attribute name=\"bp_permitstatus\"/&gt;\r\n        &lt;filter type=\"or\"&gt;\r\n            &lt;condition attribute=\"bp_permitstatus\" operator=\"eq\" value=\"121260001\"/&gt;\r\n            &lt;condition attribute=\"bp_permitstatus\" operator=\"eq\" value=\"121260002\"/&gt;\r\n        &lt;/filter&gt;\r\n        &lt;filter type=\"and\"&gt;\r\n            &lt;condition attribute=\"statecode\" operator=\"eq\" value=\"0\"/&gt;\r\n        &lt;/filter&gt;\r\n    &lt;/entity&gt;\r\n&lt;/fetch&gt;\r\n{% endfetchxml %}\r\n{% if finalizedpermits %}\r\n{% assign finalizedCount = finalizedpermits.results.entities.size %}\r\n{% else assign finalizedCount = \"0\" %}\r\n{% endif %}\r\n&lt;div class=\"snapshot-header-container\"&gt;\r\n    &lt;h1 style=\"align-self: flex-start;\" &gt;Snapshot&lt;/h1&gt;\r\n&lt;/div&gt;\r\n&lt;div class=\"snapshot-container\"&gt;\r\n    &lt;div class=\"snapshot-item\"&gt;&lt;div class=\"snapshot-number\"&gt;{{submittedCount}}&lt;/div&gt;&lt;h2&gt;Permits submitted&lt;/h2&gt;&lt;/div&gt;\r\n    &lt;div class=\"snapshot-item\"&gt;&lt;div class=\"snapshot-number\"&gt;{{underReviewCount}}&lt;/div&gt;&lt;h2&gt;Action Required&lt;/h2&gt;&lt;/div&gt;\r\n    &lt;div class=\"snapshot-item\"&gt;&lt;div class=\"snapshot-number\"&gt;{{finalizedCount}}&lt;/div&gt;&lt;h2&gt;Finalized Decision&lt;/h2&gt;&lt;/div&gt;\r\n&lt;/div&gt;\r\n"}</content>
  <iscustomizable>1</iscustomizable>
  <name>Permit Breakdown</name>
  <powerpagecomponenttype>8</powerpagecomponenttype>
  <powerpagesiteid>
    <powerpagesiteid>f7a6e386-2002-ef11-9f89-0022483799ee</powerpagesiteid>
  </powerpagesiteid>
  <statecode>0</statecode>
  <statuscode>1</statuscode>
</powerpagecomponent>