<powerpagecomponent powerpagecomponentid="95a5e386-2002-ef11-9f89-0022483799ee">
  <content>{"display_name":"Account/Signin/Terms And Conditions Heading","type":756150000,"value":"Terms and Conditions"}</content>
  <iscustomizable>1</iscustomizable>
  <name>Account/Signin/TermsAndConditionsHeading</name>
  <powerpagecomponenttype>7</powerpagecomponenttype>
  <powerpagesiteid>
    <powerpagesiteid>f7a6e386-2002-ef11-9f89-0022483799ee</powerpagesiteid>
  </powerpagesiteid>
  <statecode>0</statecode>
  <statuscode>1</statuscode>
</powerpagecomponent>