<powerpagecomponent powerpagecomponentid="d6a5e386-2002-ef11-9f89-0022483799ee">
  <content>{"source":"{% fetchxml applicationstep %}\r\n&lt;fetch version=\"1.0\" output-format=\"xml-platform\" mapping=\"logical\"&gt;\r\n    &lt;entity name=\"bp_permitsteps\"&gt;\r\n        &lt;attribute name=\"bp_name\"/&gt;\r\n        &lt;attribute name=\"bp_permitshortname\"/&gt;\r\n        &lt;attribute name=\"bp_description\"/&gt;\r\n        &lt;order attribute=\"bp_displayorder\" descending=\"false\"/&gt;\r\n    &lt;/entity&gt;\r\n&lt;/fetch&gt;\r\n{% endfetchxml %}\r\n\r\n{% if applicationstep.results and applicationstep.results.entities and applicationstep.results.entities.size &gt; 0 %}\r\n{% assign entityCode = applicationstep.results.entities[0].objecttypecode %}\r\n\r\n{% endif %}\r\n{% assign applicationStepResult = applicationstep.results.entities %}\r\n\r\n&lt;div class=\"row sectionBlockLayout text-start\" style=\"display: flex; flex-wrap: wrap; margin: 0px; min-height: auto; padding: 8px;\"&gt;\r\n  &lt;div class=\"container\" style=\"display: flex; flex-wrap: wrap;\"&gt;\r\n    &lt;div class=\"col-lg-12 columnBlockLayout\" style=\"flex-grow: 1; display: flex; flex-direction: column; min-width: 300px; padding: 16px; margin: 60px 0px; justify-content: center;\"&gt;\r\n      &lt;h2&gt;Sections&lt;/h2&gt;\r\n      &lt;p&gt;Average Processing Time: &lt;/p&gt;\r\n      &lt;div class=\"permit-step-card-container\"&gt;\r\n      {% for application in applicationStepResult %}\r\n        &lt;div class=\"step-card\"&gt;\r\n          &lt;div class=\"index-container\"&gt;\r\n            {% unless application.bp_name == empty %}\r\n            &lt;h1 class=\"step-card-h1\"&gt;{{application.bp_name}}&lt;/h1&gt;\r\n            {% endunless %}\r\n          &lt;/div&gt;\r\n          {% unless application.bp_description == empty %}\r\n          &lt;p class=\"step-card-p\" style=\"color: #8F8F8F;\"&gt;{{application.bp_description}}&lt;/p&gt; \r\n          {% endunless %}\r\n        &lt;/div&gt;\r\n      {% endfor %}\r\n      &lt;/div&gt;\r\n    &lt;/div&gt;\r\n  &lt;/div&gt;\r\n&lt;/div&gt;"}</content>
  <iscustomizable>1</iscustomizable>
  <name>Application Steps</name>
  <powerpagecomponenttype>8</powerpagecomponenttype>
  <powerpagesiteid>
    <powerpagesiteid>f7a6e386-2002-ef11-9f89-0022483799ee</powerpagesiteid>
  </powerpagesiteid>
  <statecode>0</statecode>
  <statuscode>1</statuscode>
</powerpagecomponent>