<powerpagecomponent powerpagecomponentid="737c0af1-e741-7158-c201-facb04661841">
  <content>{
  "displayorder": 18,
  "weblinksetid": "01a6e386-2002-ef11-9f89-0022483799ee",
  "pageid": "aca43c9b-993f-1465-0f73-936565e5479d",
  "publishingstateid": "dea5e386-2002-ef11-9f89-0022483799ee",
  "displaypagevalidation": false,
  "displayimageonly": false,
  "displaypagechildlinks": false,
  "openinnewwindow": false,
  "robotsfollowlink": true
}</content>
  <iscustomizable>1</iscustomizable>
  <name>Cycling</name>
  <powerpagecomponenttype>5</powerpagecomponenttype>
  <powerpagesiteid>
    <powerpagesiteid>f7a6e386-2002-ef11-9f89-0022483799ee</powerpagesiteid>
  </powerpagesiteid>
  <statecode>1</statecode>
  <statuscode>2</statuscode>
</powerpagecomponent>