<powerpagecomponent powerpagecomponentid="c9a5e386-2002-ef11-9f89-0022483799ee">
  <content>{"copy":"{% fetchxml formsQuery %}\r\n&lt;fetch&gt;\r\n  &lt;entity name='powerpagecomponent'&gt;\r\n    &lt;attribute name='name' /&gt;\r\n    &lt;attribute name='powerpagecomponentid' /&gt;\r\n    &lt;attribute name='powerpagesiteid' /&gt;\r\n    &lt;filter type='and'&gt;\r\n      &lt;condition attribute='name' operator='eq' value='[Building Permit] Default - View Permit' /&gt;\r\n      &lt;condition attribute='powerpagesiteid' operator='eq' value='{{website.id}}' /&gt;\r\n      &lt;condition attribute='powerpagecomponenttype' operator='eq' value='15' /&gt;\r\n    &lt;/filter&gt;\r\n  &lt;/entity&gt;\r\n&lt;/fetch&gt;\r\n{% endfetchxml %}\r\n{% if formsQuery.results and formsQuery.results.entities %}\r\n  &lt;input type='d-none' value='{{formsQuery.results.entities[0].powerpagecomponentid}}' id='hidden_form_id'&gt;\r\n{% endif %}\r\n&lt;div data-component-theme='portalThemeColor2' class='row sectionBlockLayout text-start' style='display: flex; flex-wrap: wrap; margin: 0px; min-height: 1200px; padding: 8px;'&gt;\r\n  &lt;div class='container' style='padding: 0px; display: flex; flex-wrap: wrap;'&gt;\r\n    &lt;div class='col-lg-12 columnBlockLayout' style='flex-grow: 1; display: flex; flex-direction: column; min-width: 300px;'&gt;\r\n      &lt;h2 style='margin-bottom: 50px;'&gt;My Applications ESTOU AQUI&lt;/h2&gt;\r\n      {% include 'entity_list', key: '[Building Permit] C2 User - View Permits' %}\r\n    &lt;/div&gt;\r\n  &lt;/div&gt;\r\n&lt;/div&gt;\r\n","customjavascript":"$(document).ready(function (){\r\n    $('#entitylist-filters').prepend('&lt;div class=\"filter-group\"&gt;&lt;/div&gt;');\r\n    $('.entitylist-filter-option-group').appendTo($('.filter-group'));\r\n    $('.pull-right &gt; .btn-entitylist-filter-submit').appendTo($('.filter-group'));\r\n    $('.entitylist-search').appendTo($('#entitylist-filters'));\r\n\r\n    $('.filter-group').css({\r\n        \"display\": \"flex\",\r\n    })\r\n\r\n    $('#entitylist-filters').css({\r\n        \"display\": \"flex\",\r\n        \"align-items\": \"center\",\r\n        \"justify-content\": \"space-between\"\r\n    })\r\n\r\n    $('.btn-entitylist-filter-submit').css({\r\n        \"align-self\": \"self-end\",\r\n        \"margin-left\": \"30px\"\r\n    });\r\n\r\n    $('.entitylist-search').css({\r\n        \"align-self\": \"self-end\",\r\n        \"margin-left\": \"30px\"\r\n    })\r\n\r\n    $('.entitylist-search &gt; input').css({\r\n        \"border-radius\": \"10px\",\r\n        \"width\": \"228px\",\r\n        \"height\": \"40px\",\r\n        \"color\": \"#2a2c2e\",\r\n        \"padding\": \"10px\",\r\n        \"gap\": \"10px\",\r\n        \"border\": \"var(--portalThemeColor1) 2px solid\",\r\n        \"font-size\": \"15px\",\r\n        \"margin-right\": \"-60px\",\r\n    });\r\n\r\n    $('#entitylist-filters &gt; div.input-group.pull-left.view-search.entitylist-search &gt; input').css({\r\n        \"background-color\": \"transparent !important\"\r\n    })\r\n\r\n    $('.input-group-btn:last-child&gt;.btn, .input-group-btn:last-child&gt;.btn-group').css({\r\n        \"background-color\": \"transparent\",\r\n        \"margin-left\": -\"70px\",\r\n        \"border\": \"none\",\r\n        \"color\": \"var(--portalBasicTheme1)\",\r\n        \"font-size\": \"22px\"\r\n    });\r\n\r\n    $('#entitylist-filters &gt; div.filter-group &gt; li &gt; ul &gt; li &gt; div &gt; span').css({\r\n        \"display\": \"none\"\r\n    });\r\n\r\n    $('#dropdown_0').css({\r\n        \"background-color\": \"transparent\",\r\n        \"border\": \"1px solid var(--portalThemeColor1)\",\r\n        \"border-radius\": \"10px\"\r\n    })\r\n});","displayorder":11,"enablerating":false,"enabletracking":false,"excludefromsearch":false,"feedbackpolicy":756150000,"hiddenfromsitemap":false,"isroot":false,"pagetemplateid":"b5a6e386-2002-ef11-9f89-0022483799ee","parentpageid":"0ea6e386-2002-ef11-9f89-0022483799ee","partialurl":"View-My-Permits","publishingstateid":"dea5e386-2002-ef11-9f89-0022483799ee","rootwebpageid":"cba6e386-2002-ef11-9f89-0022483799ee","sharedpageconfiguration":true,"summary":"&lt;p&gt;This is a sample landing page designed to be a starting point for your website&lt;/p&gt;","title":"View My Permits"}</content>
  <iscustomizable>1</iscustomizable>
  <name>View My Permits</name>
  <powerpagecomponenttype>2</powerpagecomponenttype>
  <powerpagesiteid>
    <powerpagesiteid>f7a6e386-2002-ef11-9f89-0022483799ee</powerpagesiteid>
  </powerpagesiteid>
  <powerpagesitelanguageid>
    <powerpagesitelanguageid>587fe58c-2002-ef11-9f89-0022483799ee</powerpagesitelanguageid>
  </powerpagesitelanguageid>
  <searchcontent>View My Permits{% fetchxml formsQuery %}
&lt;fetch&gt;
  &lt;entity name='powerpagecomponent'&gt;
    &lt;attribute name='name' /&gt;
    &lt;attribute name='powerpagecomponentid' /&gt;
    &lt;attribute name='powerpagesiteid' /&gt;
    &lt;filter type='and'&gt;
      &lt;condition attribute='name' operator='eq' value='[Building Permit] Default - View Permit' /&gt;
      &lt;condition attribute='powerpagesiteid' operator='eq' value='{{website.id}}' /&gt;
      &lt;condition attribute='powerpagecomponenttype' operator='eq' value='15' /&gt;
    &lt;/filter&gt;
  &lt;/entity&gt;
&lt;/fetch&gt;
{% endfetchxml %}
{% if formsQuery.results and formsQuery.results.entities %}
  &lt;input type='d-none' value='{{formsQuery.results.entities[0].powerpagecomponentid}}' id='hidden_form_id'&gt;
{% endif %}
&lt;div data-component-theme='portalThemeColor2' class='row sectionBlockLayout text-start' style='display: flex; flex-wrap: wrap; margin: 0px; min-height: 1200px; padding: 8px;'&gt;
  &lt;div class='container' style='padding: 0px; display: flex; flex-wrap: wrap;'&gt;
    &lt;div class='col-lg-12 columnBlockLayout' style='flex-grow: 1; display: flex; flex-direction: column; min-width: 300px;'&gt;
      &lt;h2 style='margin-bottom: 50px;'&gt;My Applications ESTOU AQUI&lt;/h2&gt;
      {% include 'entity_list', key: '[Building Permit] C2 User - View Permits' %}
    &lt;/div&gt;
  &lt;/div&gt;
&lt;/div&gt;
View My Permits</searchcontent>
  <statecode>0</statecode>
  <statuscode>1</statuscode>
</powerpagecomponent>