<powerpagecomponent powerpagecomponentid="ae88e171-4e85-a15b-022a-8b63275b5dde">
  <content>{
  "displayorder": 22,
  "weblinksetid": "01a6e386-2002-ef11-9f89-0022483799ee",
  "pageid": "63642704-4e89-9b72-9aca-2839e188c075",
  "publishingstateid": "dea5e386-2002-ef11-9f89-0022483799ee",
  "displaypagevalidation": false,
  "displayimageonly": false,
  "displaypagechildlinks": false,
  "openinnewwindow": false,
  "robotsfollowlink": true
}</content>
  <iscustomizable>1</iscustomizable>
  <name>Ginásio - Espinho</name>
  <powerpagecomponenttype>5</powerpagecomponenttype>
  <powerpagesiteid>
    <powerpagesiteid>f7a6e386-2002-ef11-9f89-0022483799ee</powerpagesiteid>
  </powerpagesiteid>
  <statecode>0</statecode>
  <statuscode>1</statuscode>
</powerpagecomponent>