<powerpagecomponent powerpagecomponentid="709de3f6-176d-719d-7e38-518de2044d3a">
  <content>{
  "filecontent": null,
  "displayorder": 2,
  "customcss": "",
  "customjavascript": "",
  "pagetemplateid": "b5a6e386-2002-ef11-9f89-0022483799ee",
  "parentpageid": "0ea6e386-2002-ef11-9f89-0022483799ee",
  "partialurl": "Gestão-de-Ginásio",
  "isroot": false,
  "rootwebpageid": "597581b4-8b48-966c-6e7f-3532ce6d07ab",
  "title": "Gestão de Ginásio",
  "summary": "&lt;p&gt;This is a sample landing page designed to be a starting point for your website&lt;/p&gt;",
  "copy": "&lt;div id=\"ityeo3\" data-component-theme=\"portalThemeColor1\" class=\"row sectionBlockLayout text-start\" style=\"display: flex; flex-wrap: wrap; margin: 0px; min-height: auto; padding: 8px; background-image: linear-gradient(0deg, rgba(200, 198, 196, 0.48), rgba(200, 198, 196, 0.48)); height: 146px;\"&gt;\n  &lt;div id=\"izw2cl\" class=\"container\" style=\"padding: 0px; display: flex; flex-wrap: wrap;\"&gt;\n    &lt;div id=\"i6z97\" class=\"col-lg-12 columnBlockLayout\" style=\"flex-grow: 1; display: flex; flex-direction: column; min-width: 250px; word-break: break-word;\"&gt;\n      &lt;h2 id=\"iuhw7f\" style=\"text-align: center; color: var(--portalThemeColor4);\"&gt;\n        &lt;b&gt;​&lt;u id=\"ii0rs\"&gt;Gestão do Ginásio&lt;/u&gt;&lt;/b&gt;\n      &lt;/h2&gt;\n    &lt;/div&gt;\n  &lt;/div&gt;\n&lt;/div&gt;\n&lt;div id=\"intt1\" data-component-theme=\"portalThemeColor1\" class=\"row sectionBlockLayout text-start\" style=\"display: flex; flex-wrap: wrap; margin: 0px; min-height: auto; padding: 8px; background-image: linear-gradient(0deg, rgba(200, 198, 196, 0.48), rgba(200, 198, 196, 0.48));\"&gt;\n  &lt;div id=\"i1sd4\" class=\"container\" style=\"display: flex; flex-wrap: wrap;\"&gt;\n    &lt;div id=\"ix1cc\" class=\"col-lg-12 columnBlockLayout\" style=\"flex-grow: 1; display: flex; flex-direction: column; min-width: 250px; word-break: break-word; padding: 16px; margin: 60px 0px;\"&gt;\n      &lt;iframe frameborder=\"0\" src=\"https://apps.powerapps.com/play/e/33151178-9b79-effd-bda4-33ebfc909243/a/b665a5af-f41b-4d97-b2e5-da432fdd561f?tenantId=92742eae-a119-43fb-a956-d7def744881a&amp;amp;source=sharebutton&amp;amp;sourcetime=1713962125410\" id=\"ikiaja\" style=\"width: 100%; height: 450px; max-width: 100%; margin-left: auto; margin-right: auto;\"&gt;&lt;/iframe&gt;\n      &lt;p id=\"izbs3y\" style=\"text-align: center; color: var(--portalThemeColor4);\"&gt;\n        ​&lt;span&gt;&lt;b&gt;Administração&lt;/b&gt;&lt;/span&gt;\n      &lt;/p&gt;\n    &lt;/div&gt;\n  &lt;/div&gt;\n&lt;/div&gt;\n&lt;div id=\"igcgh6\" data-component-theme=\"portalThemeColor1\" class=\"row sectionBlockLayout text-start\" style=\"display: flex; flex-wrap: wrap; margin: 0px; min-height: auto; padding: 8px; background-image: linear-gradient(0deg, rgba(200, 198, 196, 0.48), rgba(200, 198, 196, 0.48));\"&gt;\n  &lt;div id=\"iabec9\" class=\"container\" style=\"padding: 0px; display: flex; flex-wrap: wrap;\"&gt;\n    &lt;div id=\"if0k4\" class=\"col-lg-12 columnBlockLayout\" style=\"flex-grow: 1; display: flex; flex-direction: column; min-width: 250px; word-break: break-word;\"&gt;\n      &lt;iframe frameborder=\"0\" src=\"https://app.powerbi.com/view?r=eyJrIjoiYjBiNTkzMzEtNTYwMy00NzVmLTgzMGUtYjM2NTcwNThkNDg1IiwidCI6Ijc3NTE1MjJhLTAxMTgtNGJiNS04M2VlLTFmZTAwNDBiMTliMiIsImMiOjl9\" id=\"irwvly\" style=\"width: 100%; height: 450px; max-width: 100%;\"&gt;&lt;/iframe&gt;\n      &lt;p id=\"ii4tp1\" style=\"text-align: center; color: var(--portalThemeColor4);\"&gt;&lt;b&gt;Estudo de mercado&amp;nbsp;&lt;/b&gt;&lt;/p&gt;\n    &lt;/div&gt;\n  &lt;/div&gt;\n&lt;/div&gt;\n",
  "publishingstateid": "dea5e386-2002-ef11-9f89-0022483799ee",
  "enablerating": false,
  "enabletracking": false,
  "excludefromsearch": false,
  "hiddenfromsitemap": true,
  "sharedpageconfiguration": false
}</content>
  <iscustomizable>1</iscustomizable>
  <name>Gestão de Ginásio</name>
  <powerpagecomponenttype>2</powerpagecomponenttype>
  <powerpagesiteid>
    <powerpagesiteid>f7a6e386-2002-ef11-9f89-0022483799ee</powerpagesiteid>
  </powerpagesiteid>
  <powerpagesitelanguageid>
    <powerpagesitelanguageid>587fe58c-2002-ef11-9f89-0022483799ee</powerpagesitelanguageid>
  </powerpagesitelanguageid>
  <searchcontent>Gestão de Ginásio&lt;div id="ityeo3" data-component-theme="portalThemeColor1" class="row sectionBlockLayout text-start" style="display: flex; flex-wrap: wrap; margin: 0px; min-height: auto; padding: 8px; background-image: linear-gradient(0deg, rgba(200, 198, 196, 0.48), rgba(200, 198, 196, 0.48)); height: 146px;"&gt;
  &lt;div id="izw2cl" class="container" style="padding: 0px; display: flex; flex-wrap: wrap;"&gt;
    &lt;div id="i6z97" class="col-lg-12 columnBlockLayout" style="flex-grow: 1; display: flex; flex-direction: column; min-width: 250px; word-break: break-word;"&gt;
      &lt;h2 id="iuhw7f" style="text-align: center; color: var(--portalThemeColor4);"&gt;
        &lt;b&gt;​&lt;u id="ii0rs"&gt;Gestão do Ginásio&lt;/u&gt;&lt;/b&gt;
      &lt;/h2&gt;
    &lt;/div&gt;
  &lt;/div&gt;
&lt;/div&gt;
&lt;div id="intt1" data-component-theme="portalThemeColor1" class="row sectionBlockLayout text-start" style="display: flex; flex-wrap: wrap; margin: 0px; min-height: auto; padding: 8px; background-image: linear-gradient(0deg, rgba(200, 198, 196, 0.48), rgba(200, 198, 196, 0.48));"&gt;
  &lt;div id="i1sd4" class="container" style="display: flex; flex-wrap: wrap;"&gt;
    &lt;div id="ix1cc" class="col-lg-12 columnBlockLayout" style="flex-grow: 1; display: flex; flex-direction: column; min-width: 250px; word-break: break-word; padding: 16px; margin: 60px 0px;"&gt;
      &lt;iframe frameborder="0" src="https://apps.powerapps.com/play/e/33151178-9b79-effd-bda4-33ebfc909243/a/b665a5af-f41b-4d97-b2e5-da432fdd561f?tenantId=92742eae-a119-43fb-a956-d7def744881a&amp;amp;source=sharebutton&amp;amp;sourcetime=1713962125410" id="ikiaja" style="width: 100%; height: 450px; max-width: 100%; margin-left: auto; margin-right: auto;"&gt;&lt;/iframe&gt;
      &lt;p id="izbs3y" style="text-align: center; color: var(--portalThemeColor4);"&gt;
        ​&lt;span&gt;&lt;b&gt;Administração&lt;/b&gt;&lt;/span&gt;
      &lt;/p&gt;
    &lt;/div&gt;
  &lt;/div&gt;
&lt;/div&gt;
&lt;div id="igcgh6" data-component-theme="portalThemeColor1" class="row sectionBlockLayout text-start" style="display: flex; flex-wrap: wrap; margin: 0px; min-height: auto; padding: 8px; background-image: linear-gradient(0deg, rgba(200, 198, 196, 0.48), rgba(200, 198, 196, 0.48));"&gt;
  &lt;div id="iabec9" class="container" style="padding: 0px; display: flex; flex-wrap: wrap;"&gt;
    &lt;div id="if0k4" class="col-lg-12 columnBlockLayout" style="flex-grow: 1; display: flex; flex-direction: column; min-width: 250px; word-break: break-word;"&gt;
      &lt;iframe frameborder="0" src="https://app.powerbi.com/view?r=eyJrIjoiYjBiNTkzMzEtNTYwMy00NzVmLTgzMGUtYjM2NTcwNThkNDg1IiwidCI6Ijc3NTE1MjJhLTAxMTgtNGJiNS04M2VlLTFmZTAwNDBiMTliMiIsImMiOjl9" id="irwvly" style="width: 100%; height: 450px; max-width: 100%;"&gt;&lt;/iframe&gt;
      &lt;p id="ii4tp1" style="text-align: center; color: var(--portalThemeColor4);"&gt;&lt;b&gt;Estudo de mercado&amp;nbsp;&lt;/b&gt;&lt;/p&gt;
    &lt;/div&gt;
  &lt;/div&gt;
&lt;/div&gt;
Gestão de Ginásio</searchcontent>
  <statecode>0</statecode>
  <statuscode>1</statuscode>
</powerpagecomponent>