<powerpagecomponent powerpagecomponentid="2d0b031c-33b4-41d1-82b3-5421c9fc5061">
  <content>{"createdOn":"2024-04-24T10:01:48.011Z","parentpageid":"0ea6e386-2002-ef11-9f89-0022483799ee","publishingstateid":"dea5e386-2002-ef11-9f89-0022483799ee","partialurl":"logoBI2.png","title":"","summary":"","enabletracking":false,"excludefromsearch":false,"hiddenfromsitemap":false}</content>
  <filecontent mimetype="image/png">logoBI2.png</filecontent>
  <iscustomizable>1</iscustomizable>
  <name>logoBI2.png</name>
  <powerpagecomponenttype>3</powerpagecomponenttype>
  <powerpagesiteid>
    <powerpagesiteid>f7a6e386-2002-ef11-9f89-0022483799ee</powerpagesiteid>
  </powerpagesiteid>
  <statecode>0</statecode>
  <statuscode>1</statuscode>
</powerpagecomponent>