<powerpagecomponent powerpagecomponentid="7ad678c5-c7b0-44e4-807e-e9a8bce46857">
  <content>{"createdOn":"2024-04-24T10:43:57.399Z","parentpageid":"0ea6e386-2002-ef11-9f89-0022483799ee","publishingstateid":"dea5e386-2002-ef11-9f89-0022483799ee","partialurl":"shutterstock1660411888.jpg","title":"","summary":"","enabletracking":false,"excludefromsearch":false,"hiddenfromsitemap":false}</content>
  <filecontent mimetype="image/jpeg">shutterstock_1660411888.jpg</filecontent>
  <iscustomizable>1</iscustomizable>
  <name>shutterstock_1660411888.jpg</name>
  <powerpagecomponenttype>3</powerpagecomponenttype>
  <powerpagesiteid>
    <powerpagesiteid>f7a6e386-2002-ef11-9f89-0022483799ee</powerpagesiteid>
  </powerpagesiteid>
  <statecode>0</statecode>
  <statuscode>1</statuscode>
</powerpagecomponent>