<powerpagecomponent powerpagecomponentid="8f55a394-a047-97e4-ed5c-12b677178169">
  <content>{
  "displayorder": 15,
  "weblinksetid": "01a6e386-2002-ef11-9f89-0022483799ee",
  "pageid": "11f9cc23-6230-5b67-1452-ca1beb82586f",
  "publishingstateid": "dea5e386-2002-ef11-9f89-0022483799ee",
  "displaypagevalidation": false,
  "displayimageonly": false,
  "displaypagechildlinks": false,
  "openinnewwindow": false,
  "robotsfollowlink": true
}</content>
  <iscustomizable>1</iscustomizable>
  <name>Noticias no mundo do Fitness</name>
  <powerpagecomponenttype>5</powerpagecomponenttype>
  <powerpagesiteid>
    <powerpagesiteid>f7a6e386-2002-ef11-9f89-0022483799ee</powerpagesiteid>
  </powerpagesiteid>
  <statecode>0</statecode>
  <statuscode>1</statuscode>
</powerpagecomponent>