<powerpagecomponent powerpagecomponentid="f21aa20a-d4f9-2005-94ce-820004ef8137">
  <content>{
  "displayorder": 23,
  "weblinksetid": "01a6e386-2002-ef11-9f89-0022483799ee",
  "pageid": "110e6f73-5dfb-53a0-b2dc-ff1a4d831368",
  "publishingstateid": "dea5e386-2002-ef11-9f89-0022483799ee",
  "displaypagevalidation": false,
  "displayimageonly": false,
  "displaypagechildlinks": false,
  "openinnewwindow": false,
  "robotsfollowlink": true
}</content>
  <iscustomizable>1</iscustomizable>
  <name>Sobre Nós</name>
  <powerpagecomponenttype>5</powerpagecomponenttype>
  <powerpagesiteid>
    <powerpagesiteid>f7a6e386-2002-ef11-9f89-0022483799ee</powerpagesiteid>
  </powerpagesiteid>
  <statecode>0</statecode>
  <statuscode>1</statuscode>
</powerpagecomponent>