<powerpagecomponent powerpagecomponentid="e2a5e386-2002-ef11-9f89-0022483799ee">
  <content>{"anonymoususersrole":false,"authenticatedusersrole":true,"description":"End users for this site will automatically get this web role to be used to submit permits"}</content>
  <iscustomizable>1</iscustomizable>
  <name>[Building Permit] C2 - User (Default)</name>
  <powerpagecomponenttype>11</powerpagecomponenttype>
  <powerpagesiteid>
    <powerpagesiteid>f7a6e386-2002-ef11-9f89-0022483799ee</powerpagesiteid>
  </powerpagesiteid>
  <statecode>0</statecode>
  <statuscode>1</statuscode>
</powerpagecomponent>