<powerpagecomponent powerpagecomponentid="35f71fe0-d5d0-9493-752b-03b8b8bd1627">
  <content>{
  "displayorder": 16,
  "weblinksetid": "01a6e386-2002-ef11-9f89-0022483799ee",
  "pageid": "24c1dda2-bed5-de89-8a73-75e241828aa7",
  "publishingstateid": "dea5e386-2002-ef11-9f89-0022483799ee",
  "displaypagevalidation": false,
  "displayimageonly": false,
  "displaypagechildlinks": false,
  "openinnewwindow": false,
  "robotsfollowlink": true
}</content>
  <iscustomizable>1</iscustomizable>
  <name>Musculação</name>
  <powerpagecomponenttype>5</powerpagecomponenttype>
  <powerpagesiteid>
    <powerpagesiteid>f7a6e386-2002-ef11-9f89-0022483799ee</powerpagesiteid>
  </powerpagesiteid>
  <statecode>0</statecode>
  <statuscode>1</statuscode>
</powerpagecomponent>