<powerpagecomponent powerpagecomponentid="52a6e386-2002-ef11-9f89-0022483799ee">
  <content>{"anonymoususersrole":false,"authenticatedusersrole":false,"description":"Admin Role"}</content>
  <iscustomizable>1</iscustomizable>
  <name>[Building Permit] C1 - Admin</name>
  <powerpagecomponenttype>11</powerpagecomponenttype>
  <powerpagesiteid>
    <powerpagesiteid>f7a6e386-2002-ef11-9f89-0022483799ee</powerpagesiteid>
  </powerpagesiteid>
  <statecode>0</statecode>
  <statuscode>1</statuscode>
</powerpagecomponent>