<powerpagecomponent powerpagecomponentid="9da5e386-2002-ef11-9f89-0022483799ee">
  <content>{"copy":"{% fetchxml updateFormQuery %}\r\n&lt;fetch&gt;\r\n  &lt;entity name='powerpagecomponent'&gt;\r\n    &lt;attribute name='name' /&gt;\r\n    &lt;attribute name='powerpagecomponentid' /&gt;\r\n    &lt;attribute name='powerpagesiteid' /&gt;\r\n    &lt;filter&gt; &lt;/filter&gt;\r\n    &lt;filter type='and'&gt;\r\n      &lt;condition attribute='powerpagesiteid' operator='eq' value='{{website.id}}' /&gt;\r\n      &lt;condition attribute='name' operator='eq' value='[Building Permit] C1 Admin - Update Status' /&gt;\r\n      &lt;condition attribute='powerpagecomponenttype' operator='eq' value='15' /&gt;\r\n    &lt;/filter&gt;\r\n  &lt;/entity&gt;\r\n&lt;/fetch&gt;\r\n{% endfetchxml %}\r\n{% fetchxml viewFormQuery %}\r\n&lt;fetch&gt;\r\n  &lt;entity name='powerpagecomponent'&gt;\r\n    &lt;attribute name='name' /&gt;\r\n    &lt;attribute name='powerpagecomponentid' /&gt;\r\n    &lt;attribute name='powerpagesiteid' /&gt;\r\n    &lt;filter type='and'&gt;\r\n      &lt;condition attribute='powerpagesiteid' operator='eq' value='{{website.id}}' /&gt;\r\n      &lt;condition attribute='name' operator='eq' value='[Building Permit] C1 Admin - View Default Permit' /&gt;\r\n      &lt;condition attribute='powerpagecomponenttype' operator='eq' value='15' /&gt;\r\n    &lt;/filter&gt;\r\n  &lt;/entity&gt;\r\n&lt;/fetch&gt;\r\n{% endfetchxml %}\r\n{% if updateFormQuery.results and updateFormQuery.results.entities %}\r\n  &lt;input type='d-none' value='{{updateFormQuery.results.entities[0].powerpagecomponentid}}' id='update_form_id'&gt;\r\n{% endif %}\r\n{% if viewFormQuery.results and viewFormQuery.results.entities %}\r\n  &lt;input type='d-none' value='{{viewFormQuery.results.entities[0].powerpagecomponentid}}' id='view_form_id'&gt;\r\n{% endif %}\r\n&lt;div class='bp-tracker-header'&gt;\r\n  &lt;div class='snapshot-header-container'&gt;\r\n    &lt;h1 class='bp-feature-title'&gt;Permit Tracker&lt;/h1&gt;\r\n  &lt;/div&gt;\r\n&lt;/div&gt;\r\n&lt;div data-component-theme='portalThemeColor7' class='permit-snapshot-container'&gt;{% include 'Permit Breakdown' %}&lt;/div&gt;\r\n&lt;div data-component-theme='portalThemeColor3' class='permit-tracker-container'&gt;\r\n  &lt;div class='permit-tracker-table'&gt;{% include 'entity_list', key: '[Building Permit] C1 Admin - View Permits' %}&lt;/div&gt;\r\n&lt;/div&gt;\r\n&lt;div data-component-theme='portalThemeColor3' class='row sectionBlockLayout text-start' style='display: flex; flex-wrap: wrap; margin: 0px; min-height: auto; padding: 8px;'&gt;\r\n  &lt;div class='container' style='padding: 0px; display: flex; flex-wrap: wrap;'&gt;\r\n    &lt;div class='col-lg-12 columnBlockLayout' style='flex-grow: 1; display: flex; flex-direction: column; min-width: 300px;'&gt;&lt;/div&gt;\r\n  &lt;/div&gt;\r\n&lt;/div&gt;\r\n","customjavascript":"$(document).ready(function (){\r\n    $('#entitylist-filters').prepend('&lt;div class=\"filter-group\"&gt;&lt;/div&gt;');\r\n    $('#entitylist-filters').attr('role', 'none');\r\n    $('.entitylist-filter-option-group').appendTo($('.filter-group'));\r\n    $('.filter-group').wrapInner('&lt;ul&gt;');\r\n    $('.float-end &gt; .btn-entitylist-filter-submit').appendTo($('.filter-group'));\r\n    $('.entitylist-search').appendTo($('#entitylist-filters'));\r\n\r\n    $('.filter-group').css({\r\n        \"display\": \"flex\",\r\n    })\r\n\r\n    $('#entitylist-filters').css({\r\n        \"display\": \"flex\",\r\n        \"align-items\": \"center\",\r\n        \"justify-content\": \"space-between\"\r\n    })\r\n\r\n    $('.btn-entitylist-filter-submit').css({\r\n        \"align-self\": \"self-end\",\r\n        \"margin-left\": \"30px\"\r\n    });\r\n\r\n    $('.entitylist-search').css({\r\n        \"align-self\": \"self-end\",\r\n        \"margin-left\": \"30px\"\r\n    })\r\n\r\n    $('.entitylist-search &gt; input').css({\r\n        \"border-radius\": \"10px\",\r\n        \"width\": \"228px\",\r\n        \"height\": \"40px\",\r\n        \"color\": \"#2a2c2e\",\r\n        \"padding\": \"10px\",\r\n        \"gap\": \"10px\",\r\n        \"border\": \"var(--portalThemeColor1) 2px solid\",\r\n        \"font-size\": \"15px\",\r\n        \"margin-right\": \"-60px\",\r\n    });\r\n\r\n    $('#entitylist-filters &gt; div.input-group.pull-left.view-search.entitylist-search &gt; input').css({\r\n        \"background-color\": \"transparent !important\"\r\n    })\r\n\r\n    $('.input-group-btn:last-child&gt;.btn, .input-group-btn:last-child&gt;.btn-group').css({\r\n        \"background-color\": \"transparent\",\r\n        \"margin-left\": -\"70px\",\r\n        \"border\": \"none\",\r\n        \"color\": \"var(--portalBasicTheme1)\",\r\n        \"font-size\": \"22px\"\r\n    });\r\n\r\n    $('#entitylist-filters &gt; div.filter-group &gt; ul &gt; li &gt; ul &gt; li &gt; div &gt; span').css({\r\n        \"display\": \"none\"\r\n    });\r\n\r\n    $('#dropdown_0').css({\r\n        \"background-color\": \"transparent\",\r\n        \"border\": \"1px solid var(--portalThemeColor1)\",\r\n        \"border-radius\": \"10px\"\r\n    })\r\n});","displayorder":10,"enablerating":false,"enabletracking":false,"entitylist":"53a6e386-2002-ef11-9f89-0022483799ee","excludefromsearch":false,"feedbackpolicy":756150000,"hiddenfromsitemap":false,"isroot":false,"pagetemplateid":"b5a6e386-2002-ef11-9f89-0022483799ee","parentpageid":"0ea6e386-2002-ef11-9f89-0022483799ee","partialurl":"admin-home","publishingstateid":"dea5e386-2002-ef11-9f89-0022483799ee","rootwebpageid":"5aa6e386-2002-ef11-9f89-0022483799ee","sharedpageconfiguration":true,"summary":"&lt;p&gt;This is a sample landing page designed to be a starting point for your website&lt;/p&gt;","title":"[Admin] Homepage"}</content>
  <iscustomizable>1</iscustomizable>
  <name>[Admin] Homepage</name>
  <powerpagecomponenttype>2</powerpagecomponenttype>
  <powerpagesiteid>
    <powerpagesiteid>f7a6e386-2002-ef11-9f89-0022483799ee</powerpagesiteid>
  </powerpagesiteid>
  <powerpagesitelanguageid>
    <powerpagesitelanguageid>587fe58c-2002-ef11-9f89-0022483799ee</powerpagesitelanguageid>
  </powerpagesitelanguageid>
  <searchcontent>[Admin] Homepage{% fetchxml updateFormQuery %}
&lt;fetch&gt;
  &lt;entity name='powerpagecomponent'&gt;
    &lt;attribute name='name' /&gt;
    &lt;attribute name='powerpagecomponentid' /&gt;
    &lt;attribute name='powerpagesiteid' /&gt;
    &lt;filter&gt; &lt;/filter&gt;
    &lt;filter type='and'&gt;
      &lt;condition attribute='powerpagesiteid' operator='eq' value='{{website.id}}' /&gt;
      &lt;condition attribute='name' operator='eq' value='[Building Permit] C1 Admin - Update Status' /&gt;
      &lt;condition attribute='powerpagecomponenttype' operator='eq' value='15' /&gt;
    &lt;/filter&gt;
  &lt;/entity&gt;
&lt;/fetch&gt;
{% endfetchxml %}
{% fetchxml viewFormQuery %}
&lt;fetch&gt;
  &lt;entity name='powerpagecomponent'&gt;
    &lt;attribute name='name' /&gt;
    &lt;attribute name='powerpagecomponentid' /&gt;
    &lt;attribute name='powerpagesiteid' /&gt;
    &lt;filter type='and'&gt;
      &lt;condition attribute='powerpagesiteid' operator='eq' value='{{website.id}}' /&gt;
      &lt;condition attribute='name' operator='eq' value='[Building Permit] C1 Admin - View Default Permit' /&gt;
      &lt;condition attribute='powerpagecomponenttype' operator='eq' value='15' /&gt;
    &lt;/filter&gt;
  &lt;/entity&gt;
&lt;/fetch&gt;
{% endfetchxml %}
{% if updateFormQuery.results and updateFormQuery.results.entities %}
  &lt;input type='d-none' value='{{updateFormQuery.results.entities[0].powerpagecomponentid}}' id='update_form_id'&gt;
{% endif %}
{% if viewFormQuery.results and viewFormQuery.results.entities %}
  &lt;input type='d-none' value='{{viewFormQuery.results.entities[0].powerpagecomponentid}}' id='view_form_id'&gt;
{% endif %}
&lt;div class='bp-tracker-header'&gt;
  &lt;div class='snapshot-header-container'&gt;
    &lt;h1 class='bp-feature-title'&gt;Permit Tracker&lt;/h1&gt;
  &lt;/div&gt;
&lt;/div&gt;
&lt;div data-component-theme='portalThemeColor7' class='permit-snapshot-container'&gt;{% include 'Permit Breakdown' %}&lt;/div&gt;
&lt;div data-component-theme='portalThemeColor3' class='permit-tracker-container'&gt;
  &lt;div class='permit-tracker-table'&gt;{% include 'entity_list', key: '[Building Permit] C1 Admin - View Permits' %}&lt;/div&gt;
&lt;/div&gt;
&lt;div data-component-theme='portalThemeColor3' class='row sectionBlockLayout text-start' style='display: flex; flex-wrap: wrap; margin: 0px; min-height: auto; padding: 8px;'&gt;
  &lt;div class='container' style='padding: 0px; display: flex; flex-wrap: wrap;'&gt;
    &lt;div class='col-lg-12 columnBlockLayout' style='flex-grow: 1; display: flex; flex-direction: column; min-width: 300px;'&gt;&lt;/div&gt;
  &lt;/div&gt;
&lt;/div&gt;
[Admin] Homepage</searchcontent>
  <statecode>0</statecode>
  <statuscode>1</statuscode>
</powerpagecomponent>