<powerpagecomponent powerpagecomponentid="6197695c-0200-40d9-947f-299e83052fe7">
  <content>{"createdOn":"2024-04-24T15:10:14.771Z","parentpageid":"0ea6e386-2002-ef11-9f89-0022483799ee","publishingstateid":"dea5e386-2002-ef11-9f89-0022483799ee","partialurl":"fitness9341fb3b-1ecb-4416-865c-758d255799ed-1536x960.jpg","title":"","summary":"","enabletracking":false,"excludefromsearch":false,"hiddenfromsitemap":false}</content>
  <filecontent mimetype="image/jpeg">fitness_9341fb3b-1ecb-4416-865c-758d255799ed-1536x960.jpg</filecontent>
  <iscustomizable>1</iscustomizable>
  <name>fitness_9341fb3b-1ecb-4416-865c-758d255799ed-1536x960.jpg</name>
  <powerpagecomponenttype>3</powerpagecomponenttype>
  <powerpagesiteid>
    <powerpagesiteid>f7a6e386-2002-ef11-9f89-0022483799ee</powerpagesiteid>
  </powerpagesiteid>
  <statecode>0</statecode>
  <statuscode>1</statuscode>
</powerpagecomponent>