{"schemaVersion":"1.0","appDefinitionTemplate":{"id":"/providers/Microsoft.PowerApps/apps/","type":"Microsoft.PowerApps/apps","tags":{"primaryDeviceWidth":"1366","primaryDeviceHeight":"768","supportsPortrait":"true","supportsLandscape":"true","primaryFormFactor":"Tablet","showStatusBar":"false","publisherVersion":"3.24041.27","minimumRequiredApiVersion":"2.2.0","hasComponent":"true","hasUnlockedComponent":"true","isUnifiedRootApp":"false","sienaVersion":"20240418T142149Z-3.24041.27.0"},"properties":{"appVersion":"2024-04-18T14:21:49Z","lifeCycleId":"Published","createdByClientVersion":{"major":3,"minor":24041,"build":27,"revision":0,"majorRevision":0,"minorRevision":0},"minClientVersion":{"major":3,"minor":24041,"build":27,"revision":0,"majorRevision":0,"minorRevision":0},"backgroundColor":"RGBA(0,176,240,1)","backgroundImageUri":"/7009747128108293233/N4301931d-5101-47c3-9ce1-a6508d30f788-logoSmallFile","displayName":"App_GymTrend_Tablet_TG","description":"","commitMessage":"","appUris":{"documentUri":{"value":"/7009747128108293233/Ndf7bd60b-8e2f-4b7b-9409-6e4fea985f99-document.msapp"},"imageUris":[],"additionalUris":[{"isSolutionAware":false,"value":"/7009747128108293233/N84599c49-1b30-408c-8942-fcba35a86ad2-identity.json"}]},"createdTime":"0001-01-01T00:00:00Z","lastModifiedTime":"0001-01-01T00:00:00Z","sharedGroupsCount":0,"sharedUsersCount":0,"connectionReferences":{"08c55880-9bc3-4ac5-ab5e-9db345e9a681":{"id":"5dc5423f-71f2-47f3-8a35-4256ed1beda0","displayName":"SharePoint","iconUri":"https://connectoricons-prod.azureedge.net/releases/v1.0.1682/1.0.1682.3677/sharepointonline/icon.png","dataSources":["ChangeLog_1"],"dependencies":[],"dependents":[],"parameterHints":{},"parameterHintsV2":{},"isOnPremiseConnection":false,"bypassConsent":false,"dataSets":{"https://alunosipca.sharepoint.com/sites/GymTTF":{"dataSources":{"ChangeLog_1":{"tableName":"a5a28c2f-4c8a-4040-90d9-f9c997567c84"}}}},"apiTier":"Standard","isCustomApiConnection":false,"actions":["providers/PowerPlatform.Governance/Operations/Read"]}},"authorizationReferences":[{"resourceId":"powerbi"}],"databaseReferences":{"default.cds":{"databaseDetails":{"referenceType":"Environmental","environmentName":"default.cds","overrideValues":{"status":"NotSpecified","environmentVariableName":""}},"dataSources":{"Users_Info":{"entitySetName":"crfe1_usersinfos","logicalName":"crfe1_usersinfo","isHidden":false},"ItemsRegisters":{"entitySetName":"crfe1_itemsregisters","logicalName":"crfe1_itemsregister","isHidden":false},"Manutencaos":{"entitySetName":"crfe1_manutencaos","logicalName":"crfe1_manutencao","isHidden":false}},"actions":["providers/PowerPlatform.Governance/Operations/Read","providers/PowerPlatform.Governance/Operations/Write","providers/PowerPlatform.Governance/Operations/Delete"]}},"almMode":"Environment","performanceOptimizationEnabled":false,"canConsumeAppPass":false,"enableModernRuntimeMode":false,"executionRestrictions":{"isTeamsOnly":false,"dataLossPreventionEvaluationResult":{"status":"Compliant","lastEvaluationDate":"2024-04-10T10:42:15.6685497Z","violations":[],"violationsByPolicy":[],"violationErrorMessage":"The app uses the following connectors: shared_commondataservice."}}},"appType":"ClassicCanvasApp","appComponents":[]}}