<powerpagecomponent powerpagecomponentid="9e3ab57b-ef94-da3b-d0f6-c798091b13ac">
  <content>{
  "filecontent": null,
  "displayorder": 15,
  "customcss": "",
  "customjavascript": "",
  "pagetemplateid": "b5a6e386-2002-ef11-9f89-0022483799ee",
  "parentpageid": "0ea6e386-2002-ef11-9f89-0022483799ee",
  "partialurl": "Noticias-no-mundo-do-Fitness",
  "isroot": false,
  "rootwebpageid": "11f9cc23-6230-5b67-1452-ca1beb82586f",
  "title": "Noticias no mundo do Fitness",
  "summary": "&lt;p&gt;This is a sample landing page designed to be a starting point for your website&lt;/p&gt;",
  "copy": "&lt;div id=\"ie354h\" data-component-theme=\"portalThemeColor1\" class=\"row sectionBlockLayout text-start\" style=\"display: flex; flex-wrap: wrap; margin: 0px; min-height: auto; padding: 8px; background-image: linear-gradient(0deg, rgba(200, 198, 196, 0.1), rgba(200, 198, 196, 0.1));\"&gt;\n  &lt;div id=\"idgnmt\" class=\"container\" style=\"padding: 0px; display: flex; flex-wrap: wrap;\"&gt;\n    &lt;div id=\"iaiu2n\" class=\"col-lg-12 columnBlockLayout\" style=\"flex-grow: 1; display: flex; flex-direction: column; min-width: 250px; word-break: break-word;\"&gt;\n      &lt;h1 id=\"im3elw\" style=\"text-align: center; color: var(--portalThemeColor4);\"&gt;\n        ​&lt;b id=\"i0jfzg\" aria-label=\"Text NOTICIAS NO MUNDO DO FITNESS Press enter to edit\" style=\"position: relative;\"&gt;&lt;u id=\"ioqds2\" aria-label=\"Text NOTICIAS NO MUNDO DO FITNESS Press enter to edit\" style=\"position: relative;\"&gt;NOTICIAS NO MUNDO DO FITNESS&lt;/u&gt;&lt;/b&gt;\n      &lt;/h1&gt;\n    &lt;/div&gt;\n  &lt;/div&gt;\n&lt;/div&gt;\n&lt;div id=\"iezbm\" data-component-theme=\"portalThemeColor1\" class=\"row sectionBlockLayout text-start\" style=\"display: flex; flex-wrap: wrap; margin: 0px; min-height: auto; padding: 8px; background-image: linear-gradient(0deg, rgba(200, 198, 196, 0.48), rgba(200, 198, 196, 0.48));\"&gt;\n  &lt;div id=\"iyts7\" class=\"container\" style=\"display: flex; flex-wrap: wrap;\"&gt;\n    &lt;div id=\"im21z\" class=\"col-lg-12 columnBlockLayout\" style=\"flex-grow: 1; display: flex; flex-direction: column; min-width: 250px; word-break: break-word; padding: 16px; margin: 60px 0px;\"&gt;&lt;iframe frameborder=\"0\" src=\"https://www.noticiasaominuto.com/lifestyle/fitness\" id=\"irie5i\" style=\"width: 259%; height: 1164px; max-width: 100%;\"&gt;&lt;/iframe&gt;&lt;/div&gt;\n  &lt;/div&gt;\n&lt;/div&gt;\n",
  "publishingstateid": "dea5e386-2002-ef11-9f89-0022483799ee",
  "enablerating": false,
  "enabletracking": false,
  "excludefromsearch": false,
  "hiddenfromsitemap": true,
  "sharedpageconfiguration": false
}</content>
  <iscustomizable>1</iscustomizable>
  <name>Noticias no mundo do Fitness</name>
  <powerpagecomponenttype>2</powerpagecomponenttype>
  <powerpagesiteid>
    <powerpagesiteid>f7a6e386-2002-ef11-9f89-0022483799ee</powerpagesiteid>
  </powerpagesiteid>
  <powerpagesitelanguageid>
    <powerpagesitelanguageid>587fe58c-2002-ef11-9f89-0022483799ee</powerpagesitelanguageid>
  </powerpagesitelanguageid>
  <searchcontent>Noticias no mundo do Fitness&lt;div id="ie354h" data-component-theme="portalThemeColor1" class="row sectionBlockLayout text-start" style="display: flex; flex-wrap: wrap; margin: 0px; min-height: auto; padding: 8px; background-image: linear-gradient(0deg, rgba(200, 198, 196, 0.1), rgba(200, 198, 196, 0.1));"&gt;
  &lt;div id="idgnmt" class="container" style="padding: 0px; display: flex; flex-wrap: wrap;"&gt;
    &lt;div id="iaiu2n" class="col-lg-12 columnBlockLayout" style="flex-grow: 1; display: flex; flex-direction: column; min-width: 250px; word-break: break-word;"&gt;
      &lt;h1 id="im3elw" style="text-align: center; color: var(--portalThemeColor4);"&gt;
        ​&lt;b id="i0jfzg" aria-label="Text NOTICIAS NO MUNDO DO FITNESS Press enter to edit" style="position: relative;"&gt;&lt;u id="ioqds2" aria-label="Text NOTICIAS NO MUNDO DO FITNESS Press enter to edit" style="position: relative;"&gt;NOTICIAS NO MUNDO DO FITNESS&lt;/u&gt;&lt;/b&gt;
      &lt;/h1&gt;
    &lt;/div&gt;
  &lt;/div&gt;
&lt;/div&gt;
&lt;div id="iezbm" data-component-theme="portalThemeColor1" class="row sectionBlockLayout text-start" style="display: flex; flex-wrap: wrap; margin: 0px; min-height: auto; padding: 8px; background-image: linear-gradient(0deg, rgba(200, 198, 196, 0.48), rgba(200, 198, 196, 0.48));"&gt;
  &lt;div id="iyts7" class="container" style="display: flex; flex-wrap: wrap;"&gt;
    &lt;div id="im21z" class="col-lg-12 columnBlockLayout" style="flex-grow: 1; display: flex; flex-direction: column; min-width: 250px; word-break: break-word; padding: 16px; margin: 60px 0px;"&gt;&lt;iframe frameborder="0" src="https://www.noticiasaominuto.com/lifestyle/fitness" id="irie5i" style="width: 259%; height: 1164px; max-width: 100%;"&gt;&lt;/iframe&gt;&lt;/div&gt;
  &lt;/div&gt;
&lt;/div&gt;
Noticias no mundo do Fitness</searchcontent>
  <statecode>0</statecode>
  <statuscode>1</statuscode>
</powerpagecomponent>