{"name":"91c32cd0-f147-49d5-9fbf-515461e998e3","id":"/providers/Microsoft.Flow/flows/91c32cd0-f147-49d5-9fbf-515461e998e3","type":"Microsoft.Flow/flows","properties":{"apiId":"/providers/Microsoft.PowerApps/apis/shared_logicflows","displayName":"aviso quando ficheiro adicionado","definition":{"metadata":{"workflowEntityId":null,"processAdvisorMetadata":null,"flowChargedByPaygo":null,"flowclientsuspensionreason":"None","flowclientsuspensiontime":null,"flowclientsuspensionreasondetails":null,"creator":{"id":"c44a80c1-fb54-48e4-9a16-c34773c862b8","type":"User","tenantId":"92742eae-a119-43fb-a956-d7def744881a"},"provisioningMethod":"FromDefinition","failureAlertSubscription":true,"clientLastModifiedTime":"2024-04-15T08:56:25.7683776Z","connectionKeySavedTimeKey":"2024-04-15T08:56:25.7683776Z"},"$schema":"https://schema.management.azure.com/providers/Microsoft.Logic/schemas/2016-06-01/workflowdefinition.json#","contentVersion":"1.0.0.0","parameters":{"$authentication":{"defaultValue":{},"type":"SecureObject"},"$connections":{"defaultValue":{},"type":"Object"}},"triggers":{"When_a_file_is_created_(properties_only)":{"recurrence":{"frequency":"Minute","interval":5},"splitOn":"@triggerOutputs()?['body/value']","type":"OpenApiConnection","inputs":{"parameters":{"dataset":"https://alunosipca.sharepoint.com/sites/GymTTF","table":"88098136-f1da-425d-a46e-e80930c0853b"},"host":{"apiId":"/providers/Microsoft.PowerApps/apis/shared_sharepointonline","connectionName":"shared_sharepointonline","operationId":"GetOnNewFileItems"},"authentication":"@parameters('$authentication')"}}},"actions":{"Create_an_approval":{"runAfter":{},"type":"OpenApiConnection","inputs":{"parameters":{"approvalType":"Basic","ApprovalCreationInput/title":"Ficheiro adicionado","ApprovalCreationInput/assignedTo":"iefp228@alunos.ipca.pt","ApprovalCreationInput/details":"@{triggerBody()?['ID']}","ApprovalCreationInput/enableNotifications":true,"ApprovalCreationInput/enableReassignment":true},"host":{"apiId":"/providers/Microsoft.PowerApps/apis/shared_approvals","connectionName":"shared_approvals","operationId":"CreateAnApproval"},"authentication":"@parameters('$authentication')"}},"Post_card_in_a_chat_or_channel":{"runAfter":{"Create_an_approval":["Succeeded"]},"type":"OpenApiConnection","inputs":{"parameters":{"poster":"Flow bot","location":"Channel","body/recipient/groupId":"54f9e66c-ce88-48a4-bdb4-789f4ac38c39","body/recipient/channelId":"19:I-va3uhkbCqN7Hsm3qwdEGsnj-UQshVf7AetrOITTgw1@thread.tacv2","body/messageBody":"@body('Create_an_approval')?['adaptiveCard']"},"host":{"apiId":"/providers/Microsoft.PowerApps/apis/shared_teams","connectionName":"shared_teams","operationId":"PostCardToConversation"},"authentication":"@parameters('$authentication')"}},"Wait_for_an_approval":{"runAfter":{"Post_card_in_a_chat_or_channel":["Succeeded"]},"type":"OpenApiConnectionWebhook","inputs":{"parameters":{"approvalName":"@body('Create_an_approval')?['name']"},"host":{"apiId":"/providers/Microsoft.PowerApps/apis/shared_approvals","connectionName":"shared_approvals","operationId":"WaitForAnApproval"},"authentication":"@parameters('$authentication')"}},"Condition":{"actions":{"Send_an_email_(V2)":{"type":"OpenApiConnection","inputs":{"parameters":{"emailMessage/To":"iefp228@alunos.ipca.pt","emailMessage/Subject":"Ficheiro Aprovado","emailMessage/Body":"<p>O ficheiro foi aprovado</p><p>@{body('Wait_for_an_approval')?['outcome']}</p><br>","emailMessage/Importance":"Normal"},"host":{"apiId":"/providers/Microsoft.PowerApps/apis/shared_office365","connectionName":"shared_office365","operationId":"SendEmailV2"},"authentication":"@parameters('$authentication')"}}},"runAfter":{"Wait_for_an_approval":["Succeeded"]},"else":{"actions":{"Send_an_email_(V2)_1":{"runAfter":{"Delete_file":["Succeeded"]},"type":"OpenApiConnection","inputs":{"parameters":{"emailMessage/To":"iefp228@alunos.ipca.pt","emailMessage/Subject":"Ficheiro rejeitado","emailMessage/Body":"<p>o ficheiro foi rejeitado</p><br><p>@{body('Wait_for_an_approval')?['outcome']}</p>","emailMessage/Importance":"Normal"},"host":{"apiId":"/providers/Microsoft.PowerApps/apis/shared_office365","connectionName":"shared_office365","operationId":"SendEmailV2"},"authentication":"@parameters('$authentication')"}},"Delete_file":{"type":"OpenApiConnection","inputs":{"parameters":{"dataset":"https://alunosipca.sharepoint.com/sites/GymTTF","id":"@triggerBody()?['{Identifier}']"},"host":{"apiId":"/providers/Microsoft.PowerApps/apis/shared_sharepointonline","connectionName":"shared_sharepointonline","operationId":"DeleteFile"},"authentication":"@parameters('$authentication')"}}}},"expression":{"and":[{"equals":["@body('Wait_for_an_approval')?['outcome']","Approve"]}]},"type":"If"}},"outputs":{}},"connectionReferences":{"shared_sharepointonline":{"connectionName":"shared-sharepointonl-a7a95386-2f3f-414d-951c-3b6c57e412ee","source":"Embedded","id":"/providers/Microsoft.PowerApps/apis/shared_sharepointonline","tier":"NotSpecified"},"shared_approvals":{"connectionName":"shared-approvals-0f063296-d164-4095-921a-10ba0dbedfd4","source":"Embedded","id":"/providers/Microsoft.PowerApps/apis/shared_approvals","tier":"NotSpecified"},"shared_teams":{"connectionName":"shared-teams-2623139a-3f8a-43cc-9452-41a309eb2f41","source":"Embedded","id":"/providers/Microsoft.PowerApps/apis/shared_teams","tier":"NotSpecified"},"shared_office365":{"connectionName":"shared-office365-1c275064-fe2f-4fcc-869d-554b2d9fbc36","source":"Embedded","id":"/providers/Microsoft.PowerApps/apis/shared_office365","tier":"NotSpecified"}},"flowFailureAlertSubscribed":false,"isManaged":false}}