<powerpagecomponent powerpagecomponentid="be1e0276-9620-8abd-62fd-56c0a24a064e">
  <content>{
  "displayorder": 12,
  "parentweblinkid": null,
  "weblinksetid": "01a6e386-2002-ef11-9f89-0022483799ee",
  "pageid": "597581b4-8b48-966c-6e7f-3532ce6d07ab",
  "publishingstateid": "dea5e386-2002-ef11-9f89-0022483799ee",
  "displaypagevalidation": false,
  "displayimageonly": false,
  "displaypagechildlinks": false,
  "openinnewwindow": false,
  "robotsfollowlink": true
}</content>
  <iscustomizable>1</iscustomizable>
  <name>Gestão de Ginásio</name>
  <powerpagecomponenttype>5</powerpagecomponenttype>
  <powerpagesiteid>
    <powerpagesiteid>f7a6e386-2002-ef11-9f89-0022483799ee</powerpagesiteid>
  </powerpagesiteid>
  <statecode>0</statecode>
  <statuscode>1</statuscode>
</powerpagecomponent>