<powerpagecomponent powerpagecomponentid="9ea6f086-9d78-4b7c-9936-062fbb5cb63d">
  <content>{"createdOn":"2024-04-26T14:46:32.422Z","parentpageid":"0ea6e386-2002-ef11-9f89-0022483799ee","publishingstateid":"dea5e386-2002-ef11-9f89-0022483799ee","partialurl":"a-clean-and-eye-catching-gym-banner-featuring-a-pa-lhKIBBJnTrSRApoXeoyYXA-4o8JJt40RSKVsZ3yxh6xRw-removebg-preview.png","title":"","summary":"","enabletracking":false,"excludefromsearch":false,"hiddenfromsitemap":false}</content>
  <filecontent mimetype="image/png">a-clean-and-eye-catching-gym-banner-featuring-a-pa-lhKIBBJnTrSRApoXeoyYXA-4o8JJt40RSKVsZ3yxh6xRw-removebg-preview.png</filecontent>
  <iscustomizable>1</iscustomizable>
  <name>a-clean-and-eye-catching-gym-banner-featuring-a-pa-lhKIBBJnTrSRApoXeoyYXA-4o8JJt40RSKVsZ3yxh6xRw-removebg-preview.png</name>
  <powerpagecomponenttype>3</powerpagecomponenttype>
  <powerpagesiteid>
    <powerpagesiteid>f7a6e386-2002-ef11-9f89-0022483799ee</powerpagesiteid>
  </powerpagesiteid>
  <statecode>0</statecode>
  <statuscode>1</statuscode>
</powerpagecomponent>