<powerpagecomponent powerpagecomponentid="6ca6e386-2002-ef11-9f89-0022483799ee">
  <content>{"adx_entitypermission_webrole":["52a6e386-2002-ef11-9f89-0022483799ee"],"append":true,"appendto":true,"create":true,"delete":true,"entitylogicalname":"bp_defaultapplication","entityname":"Admin to Permits","read":true,"scope":756150000,"write":true}</content>
  <iscustomizable>1</iscustomizable>
  <name>Admin to Permits</name>
  <powerpagecomponenttype>18</powerpagecomponenttype>
  <powerpagesiteid>
    <powerpagesiteid>f7a6e386-2002-ef11-9f89-0022483799ee</powerpagesiteid>
  </powerpagesiteid>
  <statecode>0</statecode>
  <statuscode>1</statuscode>
</powerpagecomponent>