<powerpagecomponent powerpagecomponentid="30d62277-5622-4213-a143-6d5b5ea55821">
  <content>{"createdOn":"2024-04-24T10:21:31.026Z","parentpageid":"0ea6e386-2002-ef11-9f89-0022483799ee","publishingstateid":"dea5e386-2002-ef11-9f89-0022483799ee","partialurl":"Screenshot156-removebg-preview.png","title":"","summary":"","enabletracking":false,"excludefromsearch":false,"hiddenfromsitemap":false}</content>
  <filecontent mimetype="image/png">Screenshot_156-removebg-preview.png</filecontent>
  <iscustomizable>1</iscustomizable>
  <name>Screenshot_156-removebg-preview.png</name>
  <powerpagecomponenttype>3</powerpagecomponenttype>
  <powerpagesiteid>
    <powerpagesiteid>f7a6e386-2002-ef11-9f89-0022483799ee</powerpagesiteid>
  </powerpagesiteid>
  <statecode>0</statecode>
  <statuscode>1</statuscode>
</powerpagecomponent>