<powerpagecomponent powerpagecomponentid="e4a5e386-2002-ef11-9f89-0022483799ee">
  <content>{"anonymoususersrole":false,"authenticatedusersrole":false}</content>
  <iscustomizable>1</iscustomizable>
  <name>Legacy Administrators Web Role</name>
  <powerpagecomponenttype>11</powerpagecomponenttype>
  <powerpagesiteid>
    <powerpagesiteid>f7a6e386-2002-ef11-9f89-0022483799ee</powerpagesiteid>
  </powerpagesiteid>
  <statecode>0</statecode>
  <statuscode>1</statuscode>
</powerpagecomponent>