<powerpagecomponent powerpagecomponentid="f1a6e386-2002-ef11-9f89-0022483799ee">
  <content>{"display_name":"Account/Signin/Terms And Conditions Agreement Text","type":756150000,"value":"I agree to these terms and conditions."}</content>
  <iscustomizable>1</iscustomizable>
  <name>Accounts/Signin/TermsAndConditionsAgreementText</name>
  <powerpagecomponenttype>7</powerpagecomponenttype>
  <powerpagesiteid>
    <powerpagesiteid>f7a6e386-2002-ef11-9f89-0022483799ee</powerpagesiteid>
  </powerpagesiteid>
  <statecode>0</statecode>
  <statuscode>1</statuscode>
</powerpagecomponent>