<powerpagecomponent powerpagecomponentid="3ff6daf5-b2d8-468d-b710-1d8a3760f076">
  <content>{"createdOn":"2024-04-24T13:37:36.826Z","parentpageid":"0ea6e386-2002-ef11-9f89-0022483799ee","publishingstateid":"dea5e386-2002-ef11-9f89-0022483799ee","partialurl":"beneficios-do-yoga22472l.png","title":"","summary":"","enabletracking":false,"excludefromsearch":false,"hiddenfromsitemap":false}</content>
  <filecontent mimetype="image/png">beneficios-do-yoga_22472_l.png</filecontent>
  <iscustomizable>1</iscustomizable>
  <name>beneficios-do-yoga_22472_l.png</name>
  <powerpagecomponenttype>3</powerpagecomponenttype>
  <powerpagesiteid>
    <powerpagesiteid>f7a6e386-2002-ef11-9f89-0022483799ee</powerpagesiteid>
  </powerpagesiteid>
  <statecode>0</statecode>
  <statuscode>1</statuscode>
</powerpagecomponent>