<powerpagecomponent powerpagecomponentid="de6a578c-6b7e-4d51-b467-9cb9f29ff80e">
  <content>{"createdOn":"2024-04-24T10:42:29.197Z","parentpageid":"0ea6e386-2002-ef11-9f89-0022483799ee","publishingstateid":"dea5e386-2002-ef11-9f89-0022483799ee","partialurl":"dumbbells-gym-64a3f4bc2fe31.jpg","title":"","summary":"","enabletracking":false,"excludefromsearch":false,"hiddenfromsitemap":false}</content>
  <filecontent mimetype="image/jpeg">dumbbells-gym-64a3f4bc2fe31.jpg</filecontent>
  <iscustomizable>1</iscustomizable>
  <name>dumbbells-gym-64a3f4bc2fe31.jpg</name>
  <powerpagecomponenttype>3</powerpagecomponenttype>
  <powerpagesiteid>
    <powerpagesiteid>f7a6e386-2002-ef11-9f89-0022483799ee</powerpagesiteid>
  </powerpagesiteid>
  <statecode>0</statecode>
  <statuscode>1</statuscode>
</powerpagecomponent>