<powerpagecomponent powerpagecomponentid="c1a5e386-2002-ef11-9f89-0022483799ee">
  <content>{"enablerating":false,"enabletracking":false,"excludefromsearch":false,"feedbackpolicy":756150000,"hiddenfromsitemap":false,"isroot":true,"pagetemplateid":"b5a6e386-2002-ef11-9f89-0022483799ee","parentpageid":"0ea6e386-2002-ef11-9f89-0022483799ee","partialurl":"access-denied","publishingstateid":"dea5e386-2002-ef11-9f89-0022483799ee","sharedpageconfiguration":true}</content>
  <iscustomizable>1</iscustomizable>
  <name>Access Denied</name>
  <powerpagecomponenttype>2</powerpagecomponenttype>
  <powerpagesiteid>
    <powerpagesiteid>f7a6e386-2002-ef11-9f89-0022483799ee</powerpagesiteid>
  </powerpagesiteid>
  <searchcontent>Access Denied</searchcontent>
  <statecode>0</statecode>
  <statuscode>1</statuscode>
</powerpagecomponent>