<powerpagecomponent powerpagecomponentid="e5606d77-515b-4e5b-99a3-90f9d0947bb1">
  <content>{"createdOn":"2024-04-26T14:40:52.888Z","parentpageid":"0ea6e386-2002-ef11-9f89-0022483799ee","publishingstateid":"dea5e386-2002-ef11-9f89-0022483799ee","partialurl":"a-clean-and-eye-catching-gym-banner-featuring-a-pa-lhKIBBJnTrSRApoXeoyYXA-4o8JJt40RSKVsZ3yxh6xRw.jpeg","title":"","summary":"","enabletracking":false,"excludefromsearch":false,"hiddenfromsitemap":false}</content>
  <filecontent mimetype="image/jpeg">a-clean-and-eye-catching-gym-banner-featuring-a-pa-lhKIBBJnTrSRApoXeoyYXA-4o8JJt40RSKVsZ3yxh6xRw.jpeg</filecontent>
  <iscustomizable>1</iscustomizable>
  <name>a-clean-and-eye-catching-gym-banner-featuring-a-pa-lhKIBBJnTrSRApoXeoyYXA-4o8JJt40RSKVsZ3yxh6xRw.jpeg</name>
  <powerpagecomponenttype>3</powerpagecomponenttype>
  <powerpagesiteid>
    <powerpagesiteid>f7a6e386-2002-ef11-9f89-0022483799ee</powerpagesiteid>
  </powerpagesiteid>
  <statecode>0</statecode>
  <statuscode>1</statuscode>
</powerpagecomponent>