<powerpagecomponent powerpagecomponentid="1ba6e386-2002-ef11-9f89-0022483799ee">
  <content>{"source":"&lt;!-- Get Application types set values --&gt;\r\n{% fetchxml applicationtype %}\r\n&lt;fetch version=\"1.0\" output-format=\"xml-platform\" mapping=\"logical\"&gt;\r\n  &lt;entity name=\"bp_permit\"&gt;\r\n    &lt;attribute name=\"bp_name\"/&gt;\r\n    &lt;attribute name=\"bp_description\"/&gt;\r\n    &lt;attribute name=\"bp_permittimeline\"/&gt;\r\n    &lt;attribute name=\"bp_shortname\"/&gt;\r\n    &lt;order attribute=\"bp_displayorder\" descending=\"false\"/&gt;\r\n  &lt;/entity&gt;\r\n&lt;/fetch&gt;\r\n{% endfetchxml %}\r\n&lt;script&gt;\r\n  function updateApplication(appName) {\r\n    var queryUrl = '/summary/?q=';\r\n    queryUrl = queryUrl + appName.replaceAll(' ', '-')\r\n    window.location.href = queryUrl\r\n  }\r\n&lt;/script&gt;\r\n{% if applicationtype.results and applicationtype.results.entities and applicationtype.results.entities.size &gt; 0 %}\r\n{% assign entityCode = applicationtype.results.entities[0].objecttypecode %}\r\n{% endif %}\r\n{% assign applicationTypeResult = applicationtype.results.entities %}\r\n{% if applicationtype.results.entities.size &gt; 3 %}\r\n&lt;div class=\"permit-card-container\"&gt;\r\n{% else %}\r\n&lt;div class=\"permit-card-container-left\"&gt;\r\n{% endif %}\r\n{% for application in applicationTypeResult %}\r\n  &lt;button onclick=\"updateApplication('{{application.bp_shortname}}')\" class=\" applicationTypeItem\" style=\" display: flex; flex-direction: column; margin-right: 7px; margin-left: 7px; margin-bottom: 14px;\" data-component-theme=\"portalThemeColor7\" value=\"{{application.attributevalue}}\"&gt;\r\n    {% unless application.bp_name == empty %}\r\n    &lt;h3 class=\"card-h1\"&gt;{{application.bp_name}}&lt;/h3&gt;\r\n    {% endunless %}\r\n    {% unless application.bp_permittimeline == empty %}\r\n    &lt;p class=\"card-p\"&gt;{{ snippets['Average Processing Time'] }} {{application.bp_permittimeline}}&lt;/p&gt;\r\n    {% endunless %} \r\n    {% unless application.bp_description == empty %}\r\n    &lt;p class=\"card-p\"&gt;{{application.bp_description}}&lt;/p&gt;\r\n    {% endunless %}\r\n  &lt;/button&gt;\r\n{% endfor %}\r\n&lt;/div&gt;"}</content>
  <iscustomizable>1</iscustomizable>
  <name>Application Filter</name>
  <powerpagecomponenttype>8</powerpagecomponenttype>
  <powerpagesiteid>
    <powerpagesiteid>f7a6e386-2002-ef11-9f89-0022483799ee</powerpagesiteid>
  </powerpagesiteid>
  <statecode>0</statecode>
  <statuscode>1</statuscode>
</powerpagecomponent>