<powerpagecomponent powerpagecomponentid="f1a5e386-2002-ef11-9f89-0022483799ee">
  <content>{"adddescription":false,"attributelogicalname":"bp_permitname","descriptionposition":100000000,"fieldisrequired":false,"ignoredefaultvalue":true,"onsavetype":100000000,"onsavevalue":"Default","prepopulatetype":100000000,"prepopulatevalue":"Default","purchasecreateinvoiceonpayment":false,"purchasefulfillorderonpayment":false,"purchaserequiresshipping":false,"randomizeoptionsetvalues":false,"setvalueonsave":true,"type":100000000,"useattributedescriptionproperty":false,"webformstep":"a1a6e386-2002-ef11-9f89-0022483799ee"}</content>
  <iscustomizable>1</iscustomizable>
  <name>Applicant Info bp_permitname</name>
  <powerpagecomponenttype>21</powerpagecomponenttype>
  <powerpagesiteid>
    <powerpagesiteid>f7a6e386-2002-ef11-9f89-0022483799ee</powerpagesiteid>
  </powerpagesiteid>
  <statecode>0</statecode>
  <statuscode>1</statuscode>
</powerpagecomponent>