<powerpagecomponent powerpagecomponentid="20630a1d-26fb-4898-a1a3-6c2217877a55">
  <content>{"createdOn":"2024-04-24T10:04:41.855Z","parentpageid":"0ea6e386-2002-ef11-9f89-0022483799ee","publishingstateid":"dea5e386-2002-ef11-9f89-0022483799ee","partialurl":"createalogoforateamdoingmarketanalyzesa4-removebg-preview.png","title":"","summary":"","enabletracking":false,"excludefromsearch":false,"hiddenfromsitemap":false}</content>
  <filecontent mimetype="image/png">create_a_logo_for_a_team_doing_market_analyzes_a__4_-removebg-preview.png</filecontent>
  <iscustomizable>1</iscustomizable>
  <name>create_a_logo_for_a_team_doing_market_analyzes_a__4_-removebg-preview.png</name>
  <powerpagecomponenttype>3</powerpagecomponenttype>
  <powerpagesiteid>
    <powerpagesiteid>f7a6e386-2002-ef11-9f89-0022483799ee</powerpagesiteid>
  </powerpagesiteid>
  <statecode>0</statecode>
  <statuscode>1</statuscode>
</powerpagecomponent>