<powerpagecomponent powerpagecomponentid="c3f7af70-c127-2586-213f-3798d3175627">
  <content>{
  "displayorder": 20,
  "weblinksetid": "01a6e386-2002-ef11-9f89-0022483799ee",
  "pageid": "d043d31a-ddae-2a45-de4c-343b63adc920",
  "publishingstateid": "dea5e386-2002-ef11-9f89-0022483799ee",
  "displaypagevalidation": false,
  "displayimageonly": false,
  "displaypagechildlinks": false,
  "openinnewwindow": false,
  "robotsfollowlink": true
}</content>
  <iscustomizable>1</iscustomizable>
  <name>Ginásio - Setúbal</name>
  <powerpagecomponenttype>5</powerpagecomponenttype>
  <powerpagesiteid>
    <powerpagesiteid>f7a6e386-2002-ef11-9f89-0022483799ee</powerpagesiteid>
  </powerpagesiteid>
  <statecode>0</statecode>
  <statuscode>1</statuscode>
</powerpagecomponent>