<powerpagecomponent powerpagecomponentid="4ba6e386-2002-ef11-9f89-0022483799ee">
  <content>{
  "powerpagesitelanguageid": "587fe58c-2002-ef11-9f89-0022483799ee",
  "filecontent": null,
  "display_name": "Footer",
  "type": 756150001,
  "value": "&lt;p id=\"ib8xux\" style=\"color: var(--portalThemeOnColor6);\"&gt;&lt;span id=\"iftx3j\" style=\"position: relative; color: var(--portalThemeColor4);\"&gt;GymTrend Copyright © &lt;/span&gt;{{ now | date: 'yyyy' -}}&lt;span id=\"ixeprn\" style=\"position: relative; color: var(--portalThemeColor4);\"&gt;. All rights reserved.&lt;/span&gt;&lt;/p&gt;\n"
}</content>
  <iscustomizable>1</iscustomizable>
  <name>Footer</name>
  <powerpagecomponenttype>7</powerpagecomponenttype>
  <powerpagesiteid>
    <powerpagesiteid>f7a6e386-2002-ef11-9f89-0022483799ee</powerpagesiteid>
  </powerpagesiteid>
  <powerpagesitelanguageid>
    <powerpagesitelanguageid>587fe58c-2002-ef11-9f89-0022483799ee</powerpagesitelanguageid>
  </powerpagesitelanguageid>
  <statecode>0</statecode>
  <statuscode>1</statuscode>
</powerpagecomponent>