<powerpagecomponent powerpagecomponentid="cda6e386-2002-ef11-9f89-0022483799ee">
  <content>{"display_name":"Account/Signin/Terms And Conditions Copy","type":756150001}</content>
  <iscustomizable>1</iscustomizable>
  <name>Account/Signin/TermsAndConditionsCopy</name>
  <powerpagecomponenttype>7</powerpagecomponenttype>
  <powerpagesiteid>
    <powerpagesiteid>f7a6e386-2002-ef11-9f89-0022483799ee</powerpagesiteid>
  </powerpagesiteid>
  <statecode>0</statecode>
  <statuscode>1</statuscode>
</powerpagecomponent>