<powerpagecomponent powerpagecomponentid="c74d7ea4-c75a-be87-e28b-b13e24deb755">
  <content>{"modifiedon":"2024-04-24T10:28:39Z","summary":"MOSS_DESCRIPTION","publishingstateid":"dea5e386-2002-ef11-9f89-0022483799ee","partialurl":"MOSS-1.scss","parentpageid":"0ea6e386-2002-ef11-9f89-0022483799ee"}</content>
  <filecontent mimetype="application/octet-stream">MOSS%20(1)</filecontent>
  <iscustomizable>1</iscustomizable>
  <name>MOSS (1)</name>
  <powerpagecomponenttype>3</powerpagecomponenttype>
  <powerpagesiteid>
    <powerpagesiteid>f7a6e386-2002-ef11-9f89-0022483799ee</powerpagesiteid>
  </powerpagesiteid>
  <statecode>0</statecode>
  <statuscode>1</statuscode>
</powerpagecomponent>