<powerpagecomponent powerpagecomponentid="24c1dda2-bed5-de89-8a73-75e241828aa7">
  <content>{
  "displayorder": 16,
  "customcss": "",
  "customjavascript": "",
  "pagetemplateid": "b5a6e386-2002-ef11-9f89-0022483799ee",
  "parentpageid": "0ea6e386-2002-ef11-9f89-0022483799ee",
  "partialurl": "Musculação",
  "isroot": true,
  "title": "Musculação",
  "summary": "&lt;p&gt;This is a sample landing page designed to be a starting point for your website&lt;/p&gt;",
  "copy": "",
  "publishingstateid": "dea5e386-2002-ef11-9f89-0022483799ee",
  "enablerating": false,
  "enabletracking": false,
  "excludefromsearch": false,
  "hiddenfromsitemap": true,
  "sharedpageconfiguration": false
}</content>
  <iscustomizable>1</iscustomizable>
  <name>Musculação</name>
  <powerpagecomponenttype>2</powerpagecomponenttype>
  <powerpagesiteid>
    <powerpagesiteid>f7a6e386-2002-ef11-9f89-0022483799ee</powerpagesiteid>
  </powerpagesiteid>
  <searchcontent>MusculaçãoMusculação</searchcontent>
  <statecode>0</statecode>
  <statuscode>1</statuscode>
</powerpagecomponent>