<powerpagecomponent powerpagecomponentid="671eece3-7754-4e68-822d-1b6b404871b5">
  <content>{"createdOn":"2024-04-26T08:50:06.092Z","parentpageid":"0ea6e386-2002-ef11-9f89-0022483799ee","publishingstateid":"dea5e386-2002-ef11-9f89-0022483799ee","partialurl":"a-vibrant-gym-banner-with-the-phrase-sobre-nos-wri-tNAEvzyQlisvaKuiGjlNQ-scAw3BYhR4-s53Rb88eX3Q.jpeg","title":"","summary":"","enabletracking":false,"excludefromsearch":false,"hiddenfromsitemap":false}</content>
  <filecontent mimetype="image/jpeg">a-vibrant-gym-banner-with-the-phrase-sobre-nos-wri-tNAEvzy_QlisvaKuiGjlNQ-scAw3BYhR4-s53Rb88eX3Q.jpeg</filecontent>
  <iscustomizable>1</iscustomizable>
  <name>a-vibrant-gym-banner-with-the-phrase-sobre-nos-wri-tNAEvzy_QlisvaKuiGjlNQ-scAw3BYhR4-s53Rb88eX3Q.jpeg</name>
  <powerpagecomponenttype>3</powerpagecomponenttype>
  <powerpagesiteid>
    <powerpagesiteid>f7a6e386-2002-ef11-9f89-0022483799ee</powerpagesiteid>
  </powerpagesiteid>
  <statecode>0</statecode>
  <statuscode>1</statuscode>
</powerpagecomponent>