<powerpagecomponent powerpagecomponentid="7ea4c826-0c59-a26c-d70d-432f97e374b5">
  <content>{
  "displayorder": 16,
  "customcss": "",
  "customjavascript": "",
  "pagetemplateid": "b5a6e386-2002-ef11-9f89-0022483799ee",
  "parentpageid": "0ea6e386-2002-ef11-9f89-0022483799ee",
  "partialurl": "Musculação",
  "isroot": false,
  "rootwebpageid": "24c1dda2-bed5-de89-8a73-75e241828aa7",
  "title": "Musculação",
  "summary": "&lt;p&gt;This is a sample landing page designed to be a starting point for your website&lt;/p&gt;",
  "copy": "&lt;div id=\"ihgsh\" data-component-theme=\"portalThemeColor1\" class=\"row sectionBlockLayout text-start\" style=\"display: flex; flex-wrap: wrap; margin: 0px; min-height: auto; padding: 8px; background-image: linear-gradient(0deg, rgba(200, 198, 196, 0.48), rgba(200, 198, 196, 0.48));\"&gt;\n  &lt;div id=\"ic1wj\" class=\"container\" style=\"display: flex; flex-wrap: wrap;\"&gt;\n    &lt;div id=\"ifk0m\" class=\"col-lg-12 columnBlockLayout\" style=\"flex-grow: 1; display: flex; flex-direction: column; min-width: 250px; word-break: break-word; padding: 16px; margin: 60px 0px;\"&gt;\n      &lt;h1 id=\"ioi35i\" style=\"text-align: center; color: var(--portalThemeColor4);\"&gt;\n        ​&lt;u id=\"it52mz\"&gt;&lt;b id=\"i9785u\" aria-label=\"Text Musculação Press enter to edit\" style=\"position: relative;\"&gt;Musculação&lt;/b&gt;&lt;/u&gt;\n      &lt;/h1&gt;\n    &lt;/div&gt;\n  &lt;/div&gt;\n&lt;/div&gt;\n&lt;div id=\"ijgnhp\" data-component-theme=\"portalThemeColor1\" class=\"row sectionBlockLayout text-start\" style=\"display: flex; flex-wrap: wrap; margin: 0px; min-height: auto; padding: 8px; background-image: linear-gradient(0deg, rgba(200, 198, 196, 0.48), rgba(200, 198, 196, 0.48));\"&gt;\n  &lt;div id=\"iu0k4v\" class=\"container\" style=\"padding: 0px; display: flex; flex-wrap: wrap;\"&gt;\n    &lt;div id=\"ij4r5\" class=\"col-lg-6 columnBlockLayout\" style=\"flex-grow: 1; display: flex; flex-direction: column; min-width: 250px; word-break: break-word;\"&gt;\n      &lt;p id=\"ifw7jg\" style=\"color: var(--portalThemeColor5); text-align: justify;\"&gt;​&lt;br id=\"inxcq\" /&gt;A musculação é uma modalidade de treino focada no fortalecimento dos músculos através do uso de pesos, máquinas e exercícios específicos. &lt;br /&gt;Ideal para quem busca ganhar massa muscular, aumentar a força, tonificar o corpo ou simplesmente manter um estilo de vida ativo, a musculação é um componente fundamental de muitos programas de condicionamento físico.&lt;/p&gt;\n    &lt;/div&gt;\n    &lt;div id=\"imp3n\" class=\"col-lg-6 columnBlockLayout\" style=\"flex-grow: 1; display: flex; flex-direction: column; min-width: 250px; word-break: break-word;\"&gt;&lt;img src=\"/Dicas-para-quem-faz-musculação.png\" id=\"iuxhnx\" alt=\"Dicas-para-quem-faz-musculação\" name=\"Dicas-para-quem-faz-musculação.png\" style=\"width: 100%; height: auto; max-width: 100%;\" /&gt;&lt;/div&gt;\n  &lt;/div&gt;\n&lt;/div&gt;\n",
  "publishingstateid": "dea5e386-2002-ef11-9f89-0022483799ee",
  "enablerating": false,
  "enabletracking": false,
  "excludefromsearch": false,
  "hiddenfromsitemap": true,
  "sharedpageconfiguration": false
}</content>
  <iscustomizable>1</iscustomizable>
  <name>Musculação</name>
  <powerpagecomponenttype>2</powerpagecomponenttype>
  <powerpagesiteid>
    <powerpagesiteid>f7a6e386-2002-ef11-9f89-0022483799ee</powerpagesiteid>
  </powerpagesiteid>
  <powerpagesitelanguageid>
    <powerpagesitelanguageid>587fe58c-2002-ef11-9f89-0022483799ee</powerpagesitelanguageid>
  </powerpagesitelanguageid>
  <searchcontent>Musculação&lt;div id="ihgsh" data-component-theme="portalThemeColor1" class="row sectionBlockLayout text-start" style="display: flex; flex-wrap: wrap; margin: 0px; min-height: auto; padding: 8px; background-image: linear-gradient(0deg, rgba(200, 198, 196, 0.48), rgba(200, 198, 196, 0.48));"&gt;
  &lt;div id="ic1wj" class="container" style="display: flex; flex-wrap: wrap;"&gt;
    &lt;div id="ifk0m" class="col-lg-12 columnBlockLayout" style="flex-grow: 1; display: flex; flex-direction: column; min-width: 250px; word-break: break-word; padding: 16px; margin: 60px 0px;"&gt;
      &lt;h1 id="ioi35i" style="text-align: center; color: var(--portalThemeColor4);"&gt;
        ​&lt;u id="it52mz"&gt;&lt;b id="i9785u" aria-label="Text Musculação Press enter to edit" style="position: relative;"&gt;Musculação&lt;/b&gt;&lt;/u&gt;
      &lt;/h1&gt;
    &lt;/div&gt;
  &lt;/div&gt;
&lt;/div&gt;
&lt;div id="ijgnhp" data-component-theme="portalThemeColor1" class="row sectionBlockLayout text-start" style="display: flex; flex-wrap: wrap; margin: 0px; min-height: auto; padding: 8px; background-image: linear-gradient(0deg, rgba(200, 198, 196, 0.48), rgba(200, 198, 196, 0.48));"&gt;
  &lt;div id="iu0k4v" class="container" style="padding: 0px; display: flex; flex-wrap: wrap;"&gt;
    &lt;div id="ij4r5" class="col-lg-6 columnBlockLayout" style="flex-grow: 1; display: flex; flex-direction: column; min-width: 250px; word-break: break-word;"&gt;
      &lt;p id="ifw7jg" style="color: var(--portalThemeColor5); text-align: justify;"&gt;​&lt;br id="inxcq" /&gt;A musculação é uma modalidade de treino focada no fortalecimento dos músculos através do uso de pesos, máquinas e exercícios específicos. &lt;br /&gt;Ideal para quem busca ganhar massa muscular, aumentar a força, tonificar o corpo ou simplesmente manter um estilo de vida ativo, a musculação é um componente fundamental de muitos programas de condicionamento físico.&lt;/p&gt;
    &lt;/div&gt;
    &lt;div id="imp3n" class="col-lg-6 columnBlockLayout" style="flex-grow: 1; display: flex; flex-direction: column; min-width: 250px; word-break: break-word;"&gt;&lt;img src="/Dicas-para-quem-faz-musculação.png" id="iuxhnx" alt="Dicas-para-quem-faz-musculação" name="Dicas-para-quem-faz-musculação.png" style="width: 100%; height: auto; max-width: 100%;" /&gt;&lt;/div&gt;
  &lt;/div&gt;
&lt;/div&gt;
Musculação</searchcontent>
  <statecode>0</statecode>
  <statuscode>1</statuscode>
</powerpagecomponent>