<powerpagecomponent powerpagecomponentid="597581b4-8b48-966c-6e7f-3532ce6d07ab">
  <content>{
  "displayorder": 12,
  "customcss": "",
  "customjavascript": "",
  "pagetemplateid": "b5a6e386-2002-ef11-9f89-0022483799ee",
  "parentpageid": "0ea6e386-2002-ef11-9f89-0022483799ee",
  "partialurl": "Gestão-de-Ginásio",
  "isroot": true,
  "title": "Gestão de Ginásio",
  "summary": "&lt;p&gt;This is a sample landing page designed to be a starting point for your website&lt;/p&gt;",
  "copy": "",
  "publishingstateid": "dea5e386-2002-ef11-9f89-0022483799ee",
  "enablerating": false,
  "enabletracking": false,
  "excludefromsearch": false,
  "hiddenfromsitemap": true,
  "sharedpageconfiguration": false
}</content>
  <iscustomizable>1</iscustomizable>
  <name>Gestão de Ginásio</name>
  <powerpagecomponenttype>2</powerpagecomponenttype>
  <powerpagesiteid>
    <powerpagesiteid>f7a6e386-2002-ef11-9f89-0022483799ee</powerpagesiteid>
  </powerpagesiteid>
  <searchcontent>Gestão de GinásioGestão de Ginásio</searchcontent>
  <statecode>0</statecode>
  <statuscode>1</statuscode>
</powerpagecomponent>