<powerpagesites>
  <powerpagesite powerpagesiteid="f7a6e386-2002-ef11-9f89-0022483799ee">
    <content>{"defaultlanguage":"587fe58c-2002-ef11-9f89-0022483799ee","footerwebtemplateid":"e1a6e386-2002-ef11-9f89-0022483799ee","headerwebtemplateid":"d1a6e386-2002-ef11-9f89-0022483799ee","statecode":0,"statuscode":1,"website_language":1033}</content>
    <datamodelversion>2.0</datamodelversion>
    <iscustomizable>1</iscustomizable>
    <name>Gym Trend Task Force - GymTrend</name>
    <primarydomainname>GymTrend.powerappsportals.com</primarydomainname>
    <statecode>0</statecode>
    <statuscode>1</statuscode>
  </powerpagesite>
</powerpagesites>