<powerpagesitelanguages>
  <powerpagesitelanguage powerpagesitelanguageid="587fe58c-2002-ef11-9f89-0022483799ee">
    <content>{"publishingstate":"dea5e386-2002-ef11-9f89-0022483799ee","systemlanguage":1033}</content>
    <displayname>English</displayname>
    <iscustomizable>1</iscustomizable>
    <languagecode>en-US</languagecode>
    <lcid>1033</lcid>
    <name>English</name>
    <powerpagesiteid>
      <powerpagesiteid>f7a6e386-2002-ef11-9f89-0022483799ee</powerpagesiteid>
    </powerpagesiteid>
    <statecode>0</statecode>
    <statuscode>1</statuscode>
  </powerpagesitelanguage>
</powerpagesitelanguages>