<powerpagecomponent powerpagecomponentid="a6a5e386-2002-ef11-9f89-0022483799ee">
  <content>{
  "powerpagesitelanguageid": "587fe58c-2002-ef11-9f89-0022483799ee",
  "filecontent": null,
  "display_name": "Logo URL",
  "type": 756150000,
  "value": "/createalogoforateamdoingmarketanalyzesa4-removebg-preview.png"
}</content>
  <iscustomizable>1</iscustomizable>
  <name>Logo URL</name>
  <powerpagecomponenttype>7</powerpagecomponenttype>
  <powerpagesiteid>
    <powerpagesiteid>f7a6e386-2002-ef11-9f89-0022483799ee</powerpagesiteid>
  </powerpagesiteid>
  <powerpagesitelanguageid>
    <powerpagesitelanguageid>587fe58c-2002-ef11-9f89-0022483799ee</powerpagesitelanguageid>
  </powerpagesitelanguageid>
  <statecode>0</statecode>
  <statuscode>1</statuscode>
</powerpagecomponent>