<ImportExportXml version="9.2.24033.212" SolutionPackageVersion="9.2" languagecode="1033" generatedBy="CrmLive" xmlns:xsi="http://www.w3.org/2001/XMLSchema-instance">
  <SolutionManifest>
    <UniqueName>Inscrio_Ferias</UniqueName>
    <LocalizedNames>
      <LocalizedName description="Inscrição_Ferias" languagecode="1033" />
    </LocalizedNames>
    <Descriptions />
    <Version>1.0.0.3</Version>
    <Managed>1</Managed>
    <Publisher>
      <UniqueName>Cr0ed77</UniqueName>
      <LocalizedNames>
        <LocalizedName description="CDS Default Publisher" languagecode="1033" />
      </LocalizedNames>
      <Descriptions />
      <EMailAddress xsi:nil="true"></EMailAddress>
      <SupportingWebsiteUrl xsi:nil="true"></SupportingWebsiteUrl>
      <CustomizationPrefix>crd15</CustomizationPrefix>
      <CustomizationOptionValuePrefix>89301</CustomizationOptionValuePrefix>
      <Addresses>
        <Address>
          <AddressNumber>1</AddressNumber>
          <AddressTypeCode xsi:nil="true"></AddressTypeCode>
          <City xsi:nil="true"></City>
          <County xsi:nil="true"></County>
          <Country xsi:nil="true"></Country>
          <Fax xsi:nil="true"></Fax>
          <FreightTermsCode xsi:nil="true"></FreightTermsCode>
          <ImportSequenceNumber xsi:nil="true"></ImportSequenceNumber>
          <Latitude xsi:nil="true"></Latitude>
          <Line1 xsi:nil="true"></Line1>
          <Line2 xsi:nil="true"></Line2>
          <Line3 xsi:nil="true"></Line3>
          <Longitude xsi:nil="true"></Longitude>
          <Name xsi:nil="true"></Name>
          <PostalCode xsi:nil="true"></PostalCode>
          <PostOfficeBox xsi:nil="true"></PostOfficeBox>
          <PrimaryContactName xsi:nil="true"></PrimaryContactName>
          <ShippingMethodCode xsi:nil="true"></ShippingMethodCode>
          <StateOrProvince xsi:nil="true"></StateOrProvince>
          <Telephone1 xsi:nil="true"></Telephone1>
          <Telephone2 xsi:nil="true"></Telephone2>
          <Telephone3 xsi:nil="true"></Telephone3>
          <TimeZoneRuleVersionNumber xsi:nil="true"></TimeZoneRuleVersionNumber>
          <UPSZone xsi:nil="true"></UPSZone>
          <UTCOffset xsi:nil="true"></UTCOffset>
          <UTCConversionTimeZoneCode xsi:nil="true"></UTCConversionTimeZoneCode>
        </Address>
        <Address>
          <AddressNumber>2</AddressNumber>
          <AddressTypeCode xsi:nil="true"></AddressTypeCode>
          <City xsi:nil="true"></City>
          <County xsi:nil="true"></County>
          <Country xsi:nil="true"></Country>
          <Fax xsi:nil="true"></Fax>
          <FreightTermsCode xsi:nil="true"></FreightTermsCode>
          <ImportSequenceNumber xsi:nil="true"></ImportSequenceNumber>
          <Latitude xsi:nil="true"></Latitude>
          <Line1 xsi:nil="true"></Line1>
          <Line2 xsi:nil="true"></Line2>
          <Line3 xsi:nil="true"></Line3>
          <Longitude xsi:nil="true"></Longitude>
          <Name xsi:nil="true"></Name>
          <PostalCode xsi:nil="true"></PostalCode>
          <PostOfficeBox xsi:nil="true"></PostOfficeBox>
          <PrimaryContactName xsi:nil="true"></PrimaryContactName>
          <ShippingMethodCode xsi:nil="true"></ShippingMethodCode>
          <StateOrProvince xsi:nil="true"></StateOrProvince>
          <Telephone1 xsi:nil="true"></Telephone1>
          <Telephone2 xsi:nil="true"></Telephone2>
          <Telephone3 xsi:nil="true"></Telephone3>
          <TimeZoneRuleVersionNumber xsi:nil="true"></TimeZoneRuleVersionNumber>
          <UPSZone xsi:nil="true"></UPSZone>
          <UTCOffset xsi:nil="true"></UTCOffset>
          <UTCConversionTimeZoneCode xsi:nil="true"></UTCConversionTimeZoneCode>
        </Address>
      </Addresses>
    </Publisher>
    <RootComponents>
      <RootComponent type="1" schemaName="contact" behavior="0" />
      <RootComponent type="1" schemaName="crd15_contactos" behavior="0" />
      <RootComponent type="1" schemaName="crd15_d_produto" behavior="0" />
      <RootComponent type="1" schemaName="crd15_d_vendedor" behavior="0" />
      <RootComponent type="1" schemaName="crd15_f_vendas" behavior="0" />
      <RootComponent type="1" schemaName="crd15_meufluxoempresarial" behavior="0" />
      <RootComponent type="1" schemaName="crfe1_registoinscricoesgymtrendtaskforce" behavior="0" />
      <RootComponent type="9" schemaName="crd15_duravelnaoduravel" behavior="0" />
      <RootComponent type="9" schemaName="crfe1_esporte" behavior="0" />
      <RootComponent type="9" schemaName="crfe1_sexo" behavior="0" />
      <RootComponent type="9" schemaName="crfe1_statuscivil" behavior="0" />
      <RootComponent type="29" id="{6c279bef-b3f5-ee11-a1fd-000d3a28927e}" behavior="0" />
      <RootComponent type="29" id="{fa8070fb-10fb-ee11-a1fe-000d3a28927e}" behavior="0" />
      <RootComponent type="60" id="{dd7146f4-c1ea-ee11-904c-000d3a28927e}" />
      <RootComponent type="62" schemaName="crd15_Inscricoes_Ferias" behavior="0" />
      <RootComponent type="62" schemaName="crd15_Teste2" behavior="0" />
      <RootComponent type="62" schemaName="crfe1_InscricoesGymTrend" behavior="0" />
      <RootComponent type="80" schemaName="crd15_Inscricoes_Ferias" behavior="0" />
      <RootComponent type="80" schemaName="crd15_Teste2" behavior="0" />
      <RootComponent type="80" schemaName="crfe1_InscricoesGymTrend" behavior="0" />
    </RootComponents>
    <MissingDependencies>
      <MissingDependency>
        <Required type="1" schemaName="adx_externalidentity" displayName="External Identity" solution="PowerPages_RuntimeCore (1.0.2312.2)" />
        <Dependent type="1" schemaName="contact" displayName="Contact" />
      </MissingDependency>
      <MissingDependency>
        <Required type="1" schemaName="adx_externalidentity" displayName="External Identity" solution="PowerPages_RuntimeCore (1.0.2312.2)" />
        <Dependent type="60" displayName="Portal Contact (Enhanced)" parentDisplayName="Contact" id="{c1c97961-2d42-4103-abf8-2fe2bdf38224}" />
      </MissingDependency>
      <MissingDependency>
        <Required type="1" schemaName="adx_invitation" displayName="Invitation" solution="PowerPages_RuntimeCore (1.0.2312.2)" />
        <Dependent type="1" schemaName="contact" displayName="Contact" />
      </MissingDependency>
      <MissingDependency>
        <Required type="1" schemaName="adx_webformsession" displayName="Multistep Form Session" solution="PowerPages_RuntimeCore (1.0.2312.2)" />
        <Dependent type="1" schemaName="contact" displayName="Contact" />
      </MissingDependency>
      <MissingDependency>
        <Required type="1" schemaName="mspp_webrole" displayName="Web Role" solution="PowerPages_Apps (1.0.2401.1)" />
        <Dependent type="60" displayName="Portal Contact (Enhanced)" parentDisplayName="Contact" id="{c1c97961-2d42-4103-abf8-2fe2bdf38224}" />
      </MissingDependency>
      <MissingDependency>
        <Required type="10" schemaName="adx_contact_externalidentity" displayName="adx_contact_externalidentity" parentSchemaName="contact" parentDisplayName="Contact" solution="PowerPages_RuntimeCore (1.0.2312.2)" />
        <Dependent type="60" displayName="Portal Contact (Enhanced)" parentDisplayName="Contact" id="{c1c97961-2d42-4103-abf8-2fe2bdf38224}" />
      </MissingDependency>
      <MissingDependency>
        <Required type="2" schemaName="adx_identity_accessfailedcount" displayName="Access Failed Count" parentSchemaName="contact" parentDisplayName="Contact" solution="PowerPages_RuntimeCore (1.0.2312.2)" />
        <Dependent type="60" displayName="Portal Contact (Enhanced)" parentDisplayName="Contact" id="{c1c97961-2d42-4103-abf8-2fe2bdf38224}" />
      </MissingDependency>
      <MissingDependency>
        <Required type="2" schemaName="adx_identity_emailaddress1confirmed" displayName="Email Confirmed" parentSchemaName="contact" parentDisplayName="Contact" solution="PowerPages_RuntimeCore (1.0.2312.2)" />
        <Dependent type="60" displayName="Portal Contact (Enhanced)" parentDisplayName="Contact" id="{c1c97961-2d42-4103-abf8-2fe2bdf38224}" />
      </MissingDependency>
      <MissingDependency>
        <Required type="2" schemaName="adx_identity_locallogindisabled" displayName="Local Login Disabled" parentSchemaName="contact" parentDisplayName="Contact" solution="PowerPages_RuntimeCore (1.0.2312.2)" />
        <Dependent type="60" displayName="Portal Contact (Enhanced)" parentDisplayName="Contact" id="{c1c97961-2d42-4103-abf8-2fe2bdf38224}" />
      </MissingDependency>
      <MissingDependency>
        <Required type="2" schemaName="adx_identity_lockoutenabled" displayName="Lockout Enabled" parentSchemaName="contact" parentDisplayName="Contact" solution="PowerPages_RuntimeCore (1.0.2312.2)" />
        <Dependent type="60" displayName="Portal Contact (Enhanced)" parentDisplayName="Contact" id="{c1c97961-2d42-4103-abf8-2fe2bdf38224}" />
      </MissingDependency>
      <MissingDependency>
        <Required type="2" schemaName="adx_identity_lockoutenddate" displayName="Lockout End Date" parentSchemaName="contact" parentDisplayName="Contact" solution="PowerPages_RuntimeCore (1.0.2312.2)" />
        <Dependent type="60" displayName="Portal Contact (Enhanced)" parentDisplayName="Contact" id="{c1c97961-2d42-4103-abf8-2fe2bdf38224}" />
      </MissingDependency>
      <MissingDependency>
        <Required type="2" schemaName="adx_identity_logonenabled" displayName="Login Enabled" parentSchemaName="contact" parentDisplayName="Contact" solution="PowerPages_RuntimeCore (1.0.2312.2)" />
        <Dependent type="60" displayName="Portal Contact (Enhanced)" parentDisplayName="Contact" id="{c1c97961-2d42-4103-abf8-2fe2bdf38224}" />
      </MissingDependency>
      <MissingDependency>
        <Required type="2" schemaName="adx_identity_mobilephoneconfirmed" displayName="Mobile Phone Confirmed" parentSchemaName="contact" parentDisplayName="Contact" solution="PowerPages_RuntimeCore (1.0.2312.2)" />
        <Dependent type="60" displayName="Portal Contact (Enhanced)" parentDisplayName="Contact" id="{c1c97961-2d42-4103-abf8-2fe2bdf38224}" />
      </MissingDependency>
      <MissingDependency>
        <Required type="2" schemaName="adx_identity_securitystamp" displayName="Security Stamp" parentSchemaName="contact" parentDisplayName="Contact" solution="PowerPages_RuntimeCore (1.0.2312.2)" />
        <Dependent type="60" displayName="Portal Contact (Enhanced)" parentDisplayName="Contact" id="{c1c97961-2d42-4103-abf8-2fe2bdf38224}" />
      </MissingDependency>
      <MissingDependency>
        <Required type="2" schemaName="adx_identity_twofactorenabled" displayName="Two Factor Enabled" parentSchemaName="contact" parentDisplayName="Contact" solution="PowerPages_RuntimeCore (1.0.2312.2)" />
        <Dependent type="60" displayName="Portal Contact (Enhanced)" parentDisplayName="Contact" id="{c1c97961-2d42-4103-abf8-2fe2bdf38224}" />
      </MissingDependency>
      <MissingDependency>
        <Required type="2" schemaName="adx_identity_username" displayName="User Name" parentSchemaName="contact" parentDisplayName="Contact" solution="PowerPages_RuntimeCore (1.0.2312.2)" />
        <Dependent type="2" schemaName="adx_identity_username" displayName="User Name" parentSchemaName="contact" parentDisplayName="Contact" />
      </MissingDependency>
      <MissingDependency>
        <Required type="2" schemaName="adx_organizationname" displayName="Organization Name" parentSchemaName="contact" parentDisplayName="Contact" solution="PowerPages_RuntimeCoreDependencies (1.0.2305.1)" />
        <Dependent type="60" displayName="Profile Web Form (Enhanced) - Japanese" parentDisplayName="Contact" id="{01124dd8-9bff-4cc0-bb33-ea9d943c3f9f}" />
      </MissingDependency>
      <MissingDependency>
        <Required type="2" schemaName="adx_organizationname" displayName="Organization Name" parentSchemaName="contact" parentDisplayName="Contact" solution="PowerPages_RuntimeCoreDependencies (1.0.2305.1)" />
        <Dependent type="60" displayName="Profile Web Form (Enhanced)" parentDisplayName="Contact" id="{bddc0100-0dbe-4562-aafe-31d08c8ab506}" />
      </MissingDependency>
      <MissingDependency>
        <Required type="2" schemaName="adx_publicprofilecopy" displayName="Public Profile Copy" parentSchemaName="contact" parentDisplayName="Contact" solution="PowerPages_RuntimeCore (1.0.2312.2)" />
        <Dependent type="60" displayName="Profile Web Form (Enhanced) - Japanese" parentDisplayName="Contact" id="{01124dd8-9bff-4cc0-bb33-ea9d943c3f9f}" />
      </MissingDependency>
      <MissingDependency>
        <Required type="2" schemaName="adx_publicprofilecopy" displayName="Public Profile Copy" parentSchemaName="contact" parentDisplayName="Contact" solution="PowerPages_RuntimeCore (1.0.2312.2)" />
        <Dependent type="60" displayName="Profile Web Form (Enhanced)" parentDisplayName="Contact" id="{bddc0100-0dbe-4562-aafe-31d08c8ab506}" />
      </MissingDependency>
      <MissingDependency>
        <Required type="2" schemaName="adx_timezone" displayName="Time Zone" parentSchemaName="contact" parentDisplayName="Contact" solution="PowerPages_RuntimeCoreDependencies (1.0.2305.1)" />
        <Dependent type="60" displayName="Portal Contact (Enhanced)" parentDisplayName="Contact" id="{c1c97961-2d42-4103-abf8-2fe2bdf38224}" />
      </MissingDependency>
      <MissingDependency>
        <Required type="2" schemaName="msdyn_isminor" displayName="Is Minor" parentSchemaName="contact" parentDisplayName="Contact" solution="msdynce_PortalPrivacyExtensions (9.2.10.0)" />
        <Dependent type="2" schemaName="msdyn_isminor" displayName="Is Minor" parentSchemaName="contact" parentDisplayName="Contact" />
      </MissingDependency>
      <MissingDependency>
        <Required type="2" schemaName="msdyn_isminorwithparentalconsent" displayName="Is Minor with Parental Consent" parentSchemaName="contact" parentDisplayName="Contact" solution="msdynce_PortalPrivacyExtensions (9.2.10.0)" />
        <Dependent type="2" schemaName="msdyn_isminorwithparentalconsent" displayName="Is Minor with Parental Consent" parentSchemaName="contact" parentDisplayName="Contact" />
      </MissingDependency>
      <MissingDependency>
        <Required type="2" schemaName="mspp_userpreferredlcid" displayName="Preferred Language" parentSchemaName="contact" parentDisplayName="Contact" solution="PowerPages_RuntimeExtensions (1.0.2310.1)" />
        <Dependent type="60" displayName="Profile Web Form (Enhanced) - Japanese" parentDisplayName="Contact" id="{01124dd8-9bff-4cc0-bb33-ea9d943c3f9f}" />
      </MissingDependency>
      <MissingDependency>
        <Required type="2" schemaName="mspp_userpreferredlcid" displayName="Preferred Language" parentSchemaName="contact" parentDisplayName="Contact" solution="PowerPages_RuntimeExtensions (1.0.2310.1)" />
        <Dependent type="60" displayName="Profile Web Form (Enhanced)" parentDisplayName="Contact" id="{bddc0100-0dbe-4562-aafe-31d08c8ab506}" />
      </MissingDependency>
      <MissingDependency>
        <Required type="26" schemaName="Active Web Roles" displayName="Active Web Roles" parentSchemaName="mspp_webrole" parentDisplayName="Web Role" solution="PowerPages_Apps (1.0.2401.1)" id="{735de4f0-c287-42eb-b5e6-2f01a75a40fb}" />
        <Dependent type="60" displayName="Portal Contact (Enhanced)" parentDisplayName="Contact" id="{c1c97961-2d42-4103-abf8-2fe2bdf38224}" />
      </MissingDependency>
      <MissingDependency>
        <Required type="26" schemaName="Active External Identities" displayName="Active External Identities" parentSchemaName="adx_externalidentity" parentDisplayName="External Identity" solution="PowerPages_RuntimeCore (1.0.2312.2)" id="{93fe9ed1-cabf-4755-9f63-4f3f989084e6}" />
        <Dependent type="60" displayName="Portal Contact (Enhanced)" parentDisplayName="Contact" id="{c1c97961-2d42-4103-abf8-2fe2bdf38224}" />
      </MissingDependency>
      <MissingDependency>
        <Required type="60" displayName="Profile Web Form (Enhanced) - Japanese" parentDisplayName="Contact" solution="PowerPages_RuntimeCore (1.0.2312.2)" id="{01124dd8-9bff-4cc0-bb33-ea9d943c3f9f}" />
        <Dependent type="60" displayName="Profile Web Form (Enhanced) - Japanese" parentDisplayName="Contact" id="{01124dd8-9bff-4cc0-bb33-ea9d943c3f9f}" />
      </MissingDependency>
      <MissingDependency>
        <Required type="60" displayName="Contact" parentDisplayName="Contact" solution="msdynce_AppCommon (9.0.4.0066)" id="{1fed44d1-ae68-4a41-bd2b-f13acac4acfa}">
          <package>msdynce_AppCommonAnchor (9.0.24033.10003)</package>
        </Required>
        <Dependent type="60" displayName="Contact" parentDisplayName="Contact" id="{1fed44d1-ae68-4a41-bd2b-f13acac4acfa}" />
      </MissingDependency>
      <MissingDependency>
        <Required type="60" displayName="account contact card" parentDisplayName="Contact" solution="msdynce_AppCommon (9.0.4.0066)" id="{29de27bc-a257-4f29-99cf-bab4a84e688f}">
          <package>msdynce_AppCommonAnchor (9.0.24033.10003)</package>
        </Required>
        <Dependent type="80" schemaName="crd15_Inscricoes_Ferias" displayName="Inscrições_Ferias" />
      </MissingDependency>
      <MissingDependency>
        <Required type="60" displayName="Live Persona Card Form" parentDisplayName="Contact" solution="msdynce_AppCommonPatch201904 (9.0.24033.10003)" id="{449faa0e-f471-48ec-87d0-4719909546d2}">
          <package>msdynce_AppCommonAnchor (9.0.24033.10003)</package>
        </Required>
        <Dependent type="80" schemaName="crd15_Inscricoes_Ferias" displayName="Inscrições_Ferias" />
      </MissingDependency>
      <MissingDependency>
        <Required type="60" displayName="Contact Quick Create" parentDisplayName="Contact" solution="msdynce_AppCommon (9.0.4.0066)" id="{661157fe-2fc9-4eaa-835f-5bfa2f7b64f7}">
          <package>msdynce_AppCommonAnchor (9.0.24033.10003)</package>
        </Required>
        <Dependent type="80" schemaName="crd15_Inscricoes_Ferias" displayName="Inscrições_Ferias" />
      </MissingDependency>
      <MissingDependency>
        <Required type="60" displayName="contact card" parentDisplayName="Contact" solution="msdynce_AppCommon (9.0.4.0066)" id="{707fc57b-c5e6-471b-a180-e37ed28a38e2}">
          <package>msdynce_AppCommonAnchor (9.0.24033.10003)</package>
        </Required>
        <Dependent type="80" schemaName="crd15_Inscricoes_Ferias" displayName="Inscrições_Ferias" />
      </MissingDependency>
      <MissingDependency>
        <Required type="60" displayName="Social Profiles" parentDisplayName="Contact" solution="msdynce_AppCommon (9.0.4.0066)" id="{7bb87dfd-ec3e-4ed9-8e3e-5725d3067295}">
          <package>msdynce_AppCommonAnchor (9.0.24033.10003)</package>
        </Required>
        <Dependent type="80" schemaName="crd15_Inscricoes_Ferias" displayName="Inscrições_Ferias" />
      </MissingDependency>
      <MissingDependency>
        <Required type="60" displayName="Information" parentDisplayName="Contact" solution="msdynce_AppCommon (9.0.4.0066)" id="{894cc46a-b0cb-4ab0-8bf6-200544e46a2d}">
          <package>msdynce_AppCommonAnchor (9.0.24033.10003)</package>
        </Required>
        <Dependent type="60" displayName="Information" parentDisplayName="Contact" id="{894cc46a-b0cb-4ab0-8bf6-200544e46a2d}" />
      </MissingDependency>
      <MissingDependency>
        <Required type="60" displayName="Contact Quick Form" parentDisplayName="Contact" solution="msdynce_AppCommon (9.0.4.0066)" id="{bdb0ae1c-32fa-4374-b637-8dafe107bc44}">
          <package>msdynce_AppCommonAnchor (9.0.24033.10003)</package>
        </Required>
        <Dependent type="80" schemaName="crd15_Inscricoes_Ferias" displayName="Inscrições_Ferias" />
      </MissingDependency>
      <MissingDependency>
        <Required type="60" displayName="Profile Web Form (Enhanced)" parentDisplayName="Contact" solution="PowerPages_RuntimeCore (1.0.2312.2)" id="{bddc0100-0dbe-4562-aafe-31d08c8ab506}" />
        <Dependent type="60" displayName="Profile Web Form (Enhanced)" parentDisplayName="Contact" id="{bddc0100-0dbe-4562-aafe-31d08c8ab506}" />
      </MissingDependency>
      <MissingDependency>
        <Required type="60" displayName="Portal Contact (Enhanced)" parentDisplayName="Contact" solution="PowerPages_RuntimeCore (1.0.2312.2)" id="{c1c97961-2d42-4103-abf8-2fe2bdf38224}" />
        <Dependent type="60" displayName="Portal Contact (Enhanced)" parentDisplayName="Contact" id="{c1c97961-2d42-4103-abf8-2fe2bdf38224}" />
      </MissingDependency>
      <MissingDependency>
        <Required type="60" displayName="Invite Web Form" parentDisplayName="Contact" solution="PowerPages_RuntimeCore (1.0.2312.2)" id="{d6190b35-9474-4098-9698-33f6627eb3bf}" />
        <Dependent type="60" displayName="Invite Web Form" parentDisplayName="Contact" id="{d6190b35-9474-4098-9698-33f6627eb3bf}" />
      </MissingDependency>
      <MissingDependency>
        <Required type="60" displayName="Contact Reference Panel" parentDisplayName="Contact" solution="msdynce_AppCommon (9.0.4.0066)" id="{d880c3cf-80e2-42f3-82f9-24d040d09f17}">
          <package>msdynce_AppCommonAnchor (9.0.24033.10003)</package>
        </Required>
        <Dependent type="80" schemaName="crd15_Inscricoes_Ferias" displayName="Inscrições_Ferias" />
      </MissingDependency>
      <MissingDependency>
        <Required type="60" displayName="Recent Cases and Entitlements" parentDisplayName="Contact" solution="msdynce_AppCommon (9.0.4.0066)" id="{f3b707fb-3b5f-45f9-9c6b-5e573bb5d19e}">
          <package>msdynce_AppCommonAnchor (9.0.24033.10003)</package>
        </Required>
        <Dependent type="80" schemaName="crd15_Inscricoes_Ferias" displayName="Inscrições_Ferias" />
      </MissingDependency>
      <MissingDependency>
        <Required type="61" schemaName="AppCommon/Contact/Contact_main_system_library.js" displayName="AppCommon/Contact/Contact_main_system_library.js" solution="msdynce_AppCommon (9.0.4.0066)">
          <package>msdynce_AppCommonAnchor (9.0.24033.10003)</package>
        </Required>
        <Dependent type="60" displayName="Profile Web Form (Enhanced) - Japanese" parentDisplayName="Contact" id="{01124dd8-9bff-4cc0-bb33-ea9d943c3f9f}" />
      </MissingDependency>
      <MissingDependency>
        <Required type="61" schemaName="AppCommon/Contact/Contact_main_system_library.js" displayName="AppCommon/Contact/Contact_main_system_library.js" solution="msdynce_AppCommon (9.0.4.0066)">
          <package>msdynce_AppCommonAnchor (9.0.24033.10003)</package>
        </Required>
        <Dependent type="60" displayName="Contact" parentDisplayName="Contact" id="{1fed44d1-ae68-4a41-bd2b-f13acac4acfa}" />
      </MissingDependency>
      <MissingDependency>
        <Required type="61" schemaName="AppCommon/Contact/Contact_main_system_library.js" displayName="AppCommon/Contact/Contact_main_system_library.js" solution="msdynce_AppCommon (9.0.4.0066)">
          <package>msdynce_AppCommonAnchor (9.0.24033.10003)</package>
        </Required>
        <Dependent type="60" displayName="Contact_GymTrend_Ferias" parentDisplayName="Contact" id="{2781d6e7-38f3-ee11-a1fd-000d3a28927e}" />
      </MissingDependency>
      <MissingDependency>
        <Required type="61" schemaName="AppCommon/Contact/Contact_main_system_library.js" displayName="AppCommon/Contact/Contact_main_system_library.js" solution="msdynce_AppCommon (9.0.4.0066)">
          <package>msdynce_AppCommonAnchor (9.0.24033.10003)</package>
        </Required>
        <Dependent type="60" displayName="Contact_GymTrend" parentDisplayName="Contact" id="{29abe950-35f3-ee11-a1fd-000d3a28927e}" />
      </MissingDependency>
      <MissingDependency>
        <Required type="61" schemaName="AppCommon/Contact/Contact_main_system_library.js" displayName="AppCommon/Contact/Contact_main_system_library.js" solution="msdynce_AppCommon (9.0.4.0066)">
          <package>msdynce_AppCommonAnchor (9.0.24033.10003)</package>
        </Required>
        <Dependent type="60" displayName="Contact_GymTrend" parentDisplayName="Contact" id="{4a45673a-37f3-ee11-a1fd-000d3a28927e}" />
      </MissingDependency>
      <MissingDependency>
        <Required type="61" schemaName="AppCommon/Contact/Contact_main_system_library.js" displayName="AppCommon/Contact/Contact_main_system_library.js" solution="msdynce_AppCommon (9.0.4.0066)">
          <package>msdynce_AppCommonAnchor (9.0.24033.10003)</package>
        </Required>
        <Dependent type="60" displayName="Contact_GymTrend" parentDisplayName="Contact" id="{4d41f276-36f3-ee11-a1fd-000d3a28927e}" />
      </MissingDependency>
      <MissingDependency>
        <Required type="61" schemaName="AppCommon/Contact/Contact_main_system_library.js" displayName="AppCommon/Contact/Contact_main_system_library.js" solution="msdynce_AppCommon (9.0.4.0066)">
          <package>msdynce_AppCommonAnchor (9.0.24033.10003)</package>
        </Required>
        <Dependent type="60" displayName="Contact_GymTrend" parentDisplayName="Contact" id="{5ba15fee-29f3-ee11-a1fd-000d3a28927e}" />
      </MissingDependency>
      <MissingDependency>
        <Required type="61" schemaName="AppCommon/Contact/Contact_main_system_library.js" displayName="AppCommon/Contact/Contact_main_system_library.js" solution="msdynce_AppCommon (9.0.4.0066)">
          <package>msdynce_AppCommonAnchor (9.0.24033.10003)</package>
        </Required>
        <Dependent type="60" displayName="Contact_GymTrend" parentDisplayName="Contact" id="{6b20145a-2cf3-ee11-a1fd-000d3a28927e}" />
      </MissingDependency>
      <MissingDependency>
        <Required type="61" schemaName="AppCommon/Contact/Contact_main_system_library.js" displayName="AppCommon/Contact/Contact_main_system_library.js" solution="msdynce_AppCommon (9.0.4.0066)">
          <package>msdynce_AppCommonAnchor (9.0.24033.10003)</package>
        </Required>
        <Dependent type="60" displayName="Contact_GymTrend" parentDisplayName="Contact" id="{7e73fa02-33f3-ee11-a1fd-000d3a28927e}" />
      </MissingDependency>
      <MissingDependency>
        <Required type="61" schemaName="AppCommon/Contact/Contact_main_system_library.js" displayName="AppCommon/Contact/Contact_main_system_library.js" solution="msdynce_AppCommon (9.0.4.0066)">
          <package>msdynce_AppCommonAnchor (9.0.24033.10003)</package>
        </Required>
        <Dependent type="60" displayName="Information" parentDisplayName="Contact" id="{894cc46a-b0cb-4ab0-8bf6-200544e46a2d}" />
      </MissingDependency>
      <MissingDependency>
        <Required type="61" schemaName="AppCommon/Contact/Contact_main_system_library.js" displayName="AppCommon/Contact/Contact_main_system_library.js" solution="msdynce_AppCommon (9.0.4.0066)">
          <package>msdynce_AppCommonAnchor (9.0.24033.10003)</package>
        </Required>
        <Dependent type="60" displayName="Contact_GymTrend" parentDisplayName="Contact" id="{8afea928-36f3-ee11-a1fd-000d3a28927e}" />
      </MissingDependency>
      <MissingDependency>
        <Required type="61" schemaName="AppCommon/Contact/Contact_main_system_library.js" displayName="AppCommon/Contact/Contact_main_system_library.js" solution="msdynce_AppCommon (9.0.4.0066)">
          <package>msdynce_AppCommonAnchor (9.0.24033.10003)</package>
        </Required>
        <Dependent type="60" displayName="Contact_GymTrend" parentDisplayName="Contact" id="{8b8a46fc-35f3-ee11-a1fd-000d3a28927e}" />
      </MissingDependency>
      <MissingDependency>
        <Required type="61" schemaName="AppCommon/Contact/Contact_main_system_library.js" displayName="AppCommon/Contact/Contact_main_system_library.js" solution="msdynce_AppCommon (9.0.4.0066)">
          <package>msdynce_AppCommonAnchor (9.0.24033.10003)</package>
        </Required>
        <Dependent type="60" displayName="Profile Web Form (Enhanced)" parentDisplayName="Contact" id="{bddc0100-0dbe-4562-aafe-31d08c8ab506}" />
      </MissingDependency>
      <MissingDependency>
        <Required type="61" schemaName="AppCommon/Contact/Contact_main_system_library.js" displayName="AppCommon/Contact/Contact_main_system_library.js" solution="msdynce_AppCommon (9.0.4.0066)">
          <package>msdynce_AppCommonAnchor (9.0.24033.10003)</package>
        </Required>
        <Dependent type="60" displayName="Invite Web Form" parentDisplayName="Contact" id="{d6190b35-9474-4098-9698-33f6627eb3bf}" />
      </MissingDependency>
      <MissingDependency>
        <Required type="61" schemaName="msdyn_/Images/AppModule_Default_Icon.png" displayName="msdyn_/Images/AppModule_Default_Icon.png" solution="AppModuleWebResources (2.5)" />
        <Dependent type="80" schemaName="crd15_Inscricoes_Ferias" displayName="Inscrições_Ferias" />
      </MissingDependency>
      <MissingDependency>
        <Required type="61" schemaName="msdyn_/Images/AppModule_Default_Icon.png" displayName="msdyn_/Images/AppModule_Default_Icon.png" solution="AppModuleWebResources (2.5)" />
        <Dependent type="80" schemaName="crd15_Teste2" displayName="Teste2" />
      </MissingDependency>
      <MissingDependency>
        <Required type="61" schemaName="msdyn_/Images/AppModule_Default_Icon.png" displayName="msdyn_/Images/AppModule_Default_Icon.png" solution="AppModuleWebResources (2.5)" />
        <Dependent type="80" schemaName="crfe1_InscricoesGymTrend" displayName="Inscrições GymTrend" />
      </MissingDependency>
      <MissingDependency>
        <Required type="61" schemaName="mspp_entities/subgrid_filtering.js" displayName="mspp_entities/subgrid_filtering.js" solution="PowerPages_AppResources (1.0.2312.1)" />
        <Dependent type="60" displayName="Portal Contact (Enhanced)" parentDisplayName="Contact" id="{c1c97961-2d42-4103-abf8-2fe2bdf38224}" />
      </MissingDependency>
      <MissingDependency>
        <Required type="66" schemaName="MscrmControls.CardFeedContainer.CardFeedContainer" displayName="MscrmControls.CardFeedContainer.CardFeedContainer" solution="BaseCustomControlsCore (9.0.2403.3025)" />
        <Dependent type="60" displayName="Contact" parentDisplayName="Contact" id="{1fed44d1-ae68-4a41-bd2b-f13acac4acfa}" />
      </MissingDependency>
      <MissingDependency>
        <Required type="SettingDefinition" displayName="AppChannel" solution="msdyn_AppFrameworkInfraExtensions (1.0.0.8)" id.uniquename="AppChannel" />
        <Dependent type="AppSetting" displayName="parentappmoduleid.uniquename=crd15_Inscricoes_Ferias,settingdefinitionid.uniquename=AppChannel" id.parentappmoduleid.uniquename="crd15_Inscricoes_Ferias" id.settingdefinitionid.uniquename="AppChannel" />
      </MissingDependency>
      <MissingDependency>
        <Required type="SettingDefinition" displayName="AppChannel" solution="msdyn_AppFrameworkInfraExtensions (1.0.0.8)" id.uniquename="AppChannel" />
        <Dependent type="AppSetting" displayName="parentappmoduleid.uniquename=crd15_Teste2,settingdefinitionid.uniquename=AppChannel" id.parentappmoduleid.uniquename="crd15_Teste2" id.settingdefinitionid.uniquename="AppChannel" />
      </MissingDependency>
    </MissingDependencies>
  </SolutionManifest>
</ImportExportXml>