<powerpagecomponent powerpagecomponentid="ea398932-c7d2-2f85-55ba-ff788776ed07">
  <content>{
  "filecontent": null,
  "displayorder": 12,
  "customcss": "",
  "customjavascript": "",
  "pagetemplateid": "b5a6e386-2002-ef11-9f89-0022483799ee",
  "parentpageid": "0ea6e386-2002-ef11-9f89-0022483799ee",
  "partialurl": "Análise-deleted",
  "isroot": false,
  "rootwebpageid": "c1f689b9-0c70-ed4c-d839-7f03837c3e9f",
  "title": "Análise",
  "summary": "&lt;p&gt;This is a sample landing page designed to be a starting point for your website&lt;/p&gt;",
  "copy": "&lt;div id=\"i4o3u\" data-component-theme=\"portalThemeColor1\" class=\"row sectionBlockLayout text-start\" style=\"display: flex; flex-wrap: wrap; margin: 0px; min-height: auto; padding: 8px; background-image: linear-gradient(0deg, rgba(200, 198, 196, 0.48), rgba(200, 198, 196, 0.48));\"&gt;\n  &lt;div id=\"i8w2f\" class=\"container\" style=\"display: flex; flex-wrap: wrap;\"&gt;\n    &lt;div id=\"iq2bf\" class=\"col-lg-12 columnBlockLayout\" style=\"flex-grow: 1; display: flex; flex-direction: column; min-width: 250px; word-break: break-word; padding: 16px; margin: 60px 0px;\"&gt;&lt;iframe frameborder=\"0\" src=\"https://app.powerbi.com/view?r=eyJrIjoiYjBiNTkzMzEtNTYwMy00NzVmLTgzMGUtYjM2NTcwNThkNDg1IiwidCI6Ijc3NTE1MjJhLTAxMTgtNGJiNS04M2VlLTFmZTAwNDBiMTliMiIsImMiOjl9\" id=\"iif00i\" style=\"width: 108.67%; height: 489px; max-width: 100%; margin-left: 0; margin-right: auto;\"&gt;&lt;/iframe&gt;&lt;/div&gt;\n  &lt;/div&gt;\n&lt;/div&gt;\n",
  "publishingstateid": "dea5e386-2002-ef11-9f89-0022483799ee",
  "enablerating": false,
  "enabletracking": false,
  "excludefromsearch": false,
  "hiddenfromsitemap": true,
  "sharedpageconfiguration": false
}</content>
  <iscustomizable>1</iscustomizable>
  <name>Análise-deleted</name>
  <powerpagecomponenttype>2</powerpagecomponenttype>
  <powerpagesiteid>
    <powerpagesiteid>f7a6e386-2002-ef11-9f89-0022483799ee</powerpagesiteid>
  </powerpagesiteid>
  <powerpagesitelanguageid>
    <powerpagesitelanguageid>587fe58c-2002-ef11-9f89-0022483799ee</powerpagesitelanguageid>
  </powerpagesitelanguageid>
  <searchcontent>Análise&lt;div id="i4o3u" data-component-theme="portalThemeColor1" class="row sectionBlockLayout text-start" style="display: flex; flex-wrap: wrap; margin: 0px; min-height: auto; padding: 8px; background-image: linear-gradient(0deg, rgba(200, 198, 196, 0.48), rgba(200, 198, 196, 0.48));"&gt;
  &lt;div id="i8w2f" class="container" style="display: flex; flex-wrap: wrap;"&gt;
    &lt;div id="iq2bf" class="col-lg-12 columnBlockLayout" style="flex-grow: 1; display: flex; flex-direction: column; min-width: 250px; word-break: break-word; padding: 16px; margin: 60px 0px;"&gt;&lt;iframe frameborder="0" src="https://app.powerbi.com/view?r=eyJrIjoiYjBiNTkzMzEtNTYwMy00NzVmLTgzMGUtYjM2NTcwNThkNDg1IiwidCI6Ijc3NTE1MjJhLTAxMTgtNGJiNS04M2VlLTFmZTAwNDBiMTliMiIsImMiOjl9" id="iif00i" style="width: 108.67%; height: 489px; max-width: 100%; margin-left: 0; margin-right: auto;"&gt;&lt;/iframe&gt;&lt;/div&gt;
  &lt;/div&gt;
&lt;/div&gt;
Análise-deleted</searchcontent>
  <statecode>1</statecode>
  <statuscode>2</statuscode>
</powerpagecomponent>